loss,learning_rate
0.02620619349181652,0.0010000000474974513
0.022729789838194847,0.0010000000474974513
0.021963411942124367,0.0010000000474974513
0.021468130871653557,0.0010000000474974513
0.02107115462422371,0.0010000000474974513
0.020746298134326935,0.0010000000474974513
0.02045462094247341,0.0010000000474974513
0.02023477293550968,0.0010000000474974513
0.020053189247846603,0.0010000000474974513
0.01981247588992119,0.0010000000474974513
0.019677219912409782,0.0010000000474974513
0.019543634727597237,0.0010000000474974513
0.01946980319917202,0.0010000000474974513
0.019322099164128304,0.0010000000474974513
0.01919085904955864,0.0010000000474974513
0.019036246463656425,0.0010000000474974513
0.01897273026406765,0.0010000000474974513
0.018822893500328064,0.0010000000474974513
0.018431825563311577,0.0005000000237487257
0.018301859498023987,0.0005000000237487257
0.018207881599664688,0.0005000000237487257
0.018091119825839996,0.0005000000237487257
