path,bytes,sha256
.gitattributes,149,3348ae89e843e04f0dd589b199e2df4b04891a7258f530801caaf48e0aa85c84
.gitignore,280,d37bb1f1ee538a37bd2811d6dd0af5aea73fbb522a38376c809bf4dc4a6dd945
AMBIENTE.json,350,fd662ffbad8d7ba63db2e7be1b20b2d8ef5fdf116550c0cd38711aba0ce09a8d
data/README.md,196,9ffe5c4068af16dbbe206879dc223697221bd0d42085c8cd03e61a29b5caaccf
docs/ajuste_hiperparametros.md,5027,e08cdacaa5989dfea161c101567c0bd751502d46e8dd6f6af4ed3384cc27c817
docs/ANEXO_A.md,3606,4b0888dc801588449828d480de437ece169a3d38f8192dcb7cbcb984179cc5f4
docs/ANEXO_A.rtf,4627,b576c8f49d73acd0194d1ccfcb7fa1b0e3bc462370416cb45c49a023ffb2c93e
docs/FONTE_DOS_DADOS.md,1507,ae1169a0b45af1ad2db829d2bb4d515beb054db14d6abfc8a07c579e477c89eb
docs/REPRODUCAO.md,3476,933cc43d917c96d2b885c57c8870e6bec9c864e6b85cdd9ef33401cde223a856
docs/retreinamento.md,6121,d46d293a0121966bc462c0c22e1ac6644ef3aa5070cd309859ad668c98ea4bed
experiments.py,1171,b7352eab925d530b1e05445caf23a7ea2a8fb6e01026ded61c9e7f9cc2ad450c
main.py,3760,cced19348fe807c7facdd335dbb4bd062e940be82b492a48555913bac30d709f
outputs/experiments/2026-09-26/correlation_engineered_train.csv,23518,57eb71144970c00bf09bf31a8a4f335282949d19351ec1bd55a1302fe0ad5ff6
outputs/experiments/2026-09-26/correlation_full_train.csv,1091,c4ddd5e00a225242f2c9d30204bafad60065dcf7d44f3c399071c77a9a11b731
outputs/experiments/2026-09-26/correlation_original_train.csv,1095,2cb37ffbb8ae7f52fb80b86939c2be2a3d19b67a7abb8f152710c0d79bcc64c3
outputs/experiments/2026-09-26/dataset_audit.json,2516,f6301225dac09af39925bf576c2dcac252eb80b98e9ebb3e1511f9bf7539eb5c
outputs/experiments/2026-09-26/feature_statistics_engineered_train.csv,5652,011ad6b6b040534b6e694f4b099ca9c017065b49f26009611228b1652494947c
outputs/experiments/2026-09-26/feature_statistics_full_train.csv,969,25991a156d8acefc4eef68ac5ccb4f110989ce1795fe68687e5e5adb4961e713
outputs/experiments/2026-09-26/feature_statistics_original_train.csv,954,79b2fbf50ddc87017e69a895798f60e86e746b0e487d72f303310b9374c2200d
outputs/experiments/2026-09-26/hgb_30days.joblib,1252251,72a939a150b442ba80708755c04e44e62386ce4cec38fb78b5544e1d1ed709d7
outputs/experiments/2026-09-26/hgb_365days.joblib,1263915,19dfd0f9546615024d5a0fd8e9dc25eb7c366a904d5db0e9d730c4c94aa892e5
outputs/experiments/2026-09-26/hgb_full.joblib,1266315,34c530a3e36d1584cecf1a51c0f8dd69ba9cc50ee33b44e953b98f77625bd3d1
outputs/experiments/2026-09-26/hgb_original.joblib,1249131,a523de799f12c9f60a32429c1201227694dd8f230061c8a2833fbbf91cd06bee
outputs/experiments/2026-09-26/history_lstm_features.csv,1650,f399e2436fb14cd3af129d62494c163b9601d81d4d48d83bec0dad101ce1f347
outputs/experiments/2026-09-26/history_lstm_features_pca.csv,2366,fe459c4a5ac90562a81fe5c5d061e14deeae124f5d84b7db41e0a58cf0084fb3
outputs/experiments/2026-09-26/history_lstm_raw.csv,2556,e617e329f9c6c0e1df61e999404ad0d000984da0a51d4869c4453cc6301caa39
outputs/experiments/2026-09-26/improvements_vs_original.csv,382,7cbd0623281c10d6f9d33facbdaf18a7d8ce19abca774fcc2320d075d25f98b8
outputs/experiments/2026-09-26/learning_curve.csv,258,5402a59a408030b1c49a295fb5e2acb8c44dc1d44513d5b4b7846eb61447e566
outputs/experiments/2026-09-26/learning_curve.png,71623,cc3ba4df0635ab7c1cf80a2bfd93aa0b528451433e696e2290d8e9d927758b4d
outputs/experiments/2026-09-26/legacy/energy_target_scaler.joblib,639,c72895f01a2420571f1aa2023358cd98a74b373be39e88ffaec273bded6607fa
outputs/experiments/2026-09-26/legacy/feature_scaler.joblib,1103,a541b6ffbb54aa3e833ec458e901d6876908172e699964eb80c3b972a6fa907b
outputs/experiments/2026-09-26/legacy/lstm_energy_forecaster.keras,411035,dd14e12a850eb3f51ed299ff40ae0e97fbabd34deee52f27f726847f7ccc0bae
outputs/experiments/2026-09-26/legacy_provenance.json,882,f46fa6f0afe2202e44726488cb1fb16a29533cfe99c2bf3161dbf74f6bc1b33d
outputs/experiments/2026-09-26/lstm_features.keras,192038,6762147929dec866535a62989d9737b7b38bfdfa18ca7c205b3834fe8c1d1f76
outputs/experiments/2026-09-26/lstm_features_pca.keras,188967,3d8ae51e585c1df1c4c05e186b2e5f3e619f456b0997a5249c02e5d50e2c55dd
outputs/experiments/2026-09-26/lstm_features_pca_transforms.joblib,4084,b2861832619385f4e6b2890b4862f7e55d889f08e269ef435d60d5467fb16e24
outputs/experiments/2026-09-26/lstm_features_transforms.joblib,3199,5c32ec0919eaa4494bbf12d20c1996eafb382687049166878ba4c62c5ca18be3
outputs/experiments/2026-09-26/lstm_raw.keras,154828,39f020eacda0dd3e0eb16e049929d2c3bd7a84a2ceacce25eeb3bf69602ff879
outputs/experiments/2026-09-26/lstm_raw_transforms.joblib,3199,40ec9f94a65539c1168577c909e8ae05d1f03a9da7554527cddb8017a461553a
outputs/experiments/2026-09-26/manifest.json,2951,e4abde21574911fd72cedc5885009b62e57dd253fc1ea4a833fff704faaf075b
outputs/experiments/2026-09-26/model_comparison.png,65769,f14a9aa4f4dd6f82efa5f6d21259d8b8d9b260492e0eebb655e3e42aca38db8b
outputs/experiments/2026-09-26/monthly_coverage.csv,15535,1de50b3f87c5cefd6c7d1fdde4eb700bce4832bd08822f2885ff5d154009e3db
outputs/experiments/2026-09-26/monthly_missing.csv,1007,20077d9d9f08394e27d2f0d42d9be532c083020b5f4deecceb8797bda9d6f55a
outputs/experiments/2026-09-26/neural_training_curves.png,113454,82ea099b0b8a4530f8a91f58c2ebefba3127b6a8819a4c10e4ac3c401e9ab1ad
outputs/experiments/2026-09-26/pca_engineered_train.csv,947,1e5e3fd104abe0bddab1b14d44452e3b4ac8ce1ba4c745fa0e9c70bcf9d14afe
outputs/experiments/2026-09-26/pca_engineered_train.png,59344,8ea0a99aff81450545d268f7ef372426f3ffd0f287d8e5731a6f55b6ec0860db
outputs/experiments/2026-09-26/pca_engineered_train_weights.csv,14790,6d1e1476f915b5a826d509e70003d64e31af086057f529c8acb17caca2313cbc
outputs/experiments/2026-09-26/pca_full_train.csv,339,494d7f943c22d2a6273fb5fb1bf42eacf507afd41d36790b171263a054da3dfa
outputs/experiments/2026-09-26/pca_full_train.png,53380,a86c8b275de8b99f32bce268e675183206727a1bd2840a5bb0550c5c7c10b36b
outputs/experiments/2026-09-26/pca_full_train_weights.csv,1139,fe453cecc4211c8f9ec8d04ed96c03adb8a8be24469125325171f5467f4dedc1
outputs/experiments/2026-09-26/pca_original_train.csv,351,fc03f6d045f4565cca873fa0813ca41e74a776e8f8ef5df3439154d4e233e06e
outputs/experiments/2026-09-26/pca_original_train.png,52496,8d08a4432f09aa84a17727a455c0f0524be071d8f444b6d13e2d292ffc49dc4c
outputs/experiments/2026-09-26/pca_original_train_weights.csv,1133,de38cfc0a386a18a97b3271eec3788f3d2f0ce57c4a29029928ae8b975123d00
outputs/experiments/2026-09-26/RELATORIO.md,8414,2bd2a319156ae5361147d9a1de22e954b9195b4b2b87440a99e8cfd9a5a28d85
outputs/experiments/2026-09-26/selected_predictions.png,506556,41d6ffcd8fc426b23203dd08d7f9a369aa88e2a25079b48010b2219b18e433cc
outputs/experiments/2026-09-26/selection.json,805,61ce238b3c405d01d51990d59c9ba53d1683aa20bc8049a1da9ff7804381dcef
outputs/experiments/2026-09-26/test_metrics.csv,1570,f25e8861b527cd944fb361adaaa50810a56e08bcc264b490f8af7c46c93a0a21
outputs/experiments/2026-09-26/test_predictions.csv,1355184,d34ea59e6631e551c23577adc4f552560b21f7144760b9f35536dca843ebe8e4
outputs/experiments/2026-09-26/validation_metrics.csv,3177,f598e9949e37db4c082fdfe74a31aaa646b19b08c64ccee241af4d52fbfc6ce1
outputs/experiments/2026-09-27-tuning/blend_validation_scores.csv,143,aed4a6175ee2eae5242a23cb22b148e659014f0b673e41d613013d3cc55667c4
outputs/experiments/2026-09-27-tuning/comparison_kwh.png,64468,02e40a4b0770ad7dabb2242207332e1b8ceef1caa42ec0fda80409c46c9b842f
outputs/experiments/2026-09-27-tuning/final/hgb_regularized.joblib,6915083,965e3da6de84e86ba03cf5fdbe7569bb1a8cf7d86c6f9d811f6bfe4e583f5c2e
outputs/experiments/2026-09-27-tuning/final/lstm_full_huber.keras,446475,9e269297d131e5bbbbf0e03105ba27b7f4a2417e7a72783fb49cf87649f5eb3c
outputs/experiments/2026-09-27-tuning/final/lstm_full_huber_history.csv,980,88ad8782c5c82e20b10234aef7c779efa742f21823b76667f3381a652e15a1b6
outputs/experiments/2026-09-27-tuning/final/lstm_full_huber_transforms.joblib,3199,92dbfd0fc6631bfe36cfc50a6f6808d4a428a2ed4e88c66d64dfb1793bdde451
outputs/experiments/2026-09-27-tuning/final/model_config.json,2635,6ccd1ac9b0d069f64e6599cc30b3caf4561435bbeb71d269397af9cfd3711185
outputs/experiments/2026-09-27-tuning/fold1/hgb_31.joblib,4745435,7cc7d3d9624bd735050a076c01db83c1ba8eb68f3c1263de2259fa8836d94362
outputs/experiments/2026-09-27-tuning/fold1/hgb_31_metrics.csv,416,4277c9aaeaf47bedd1f6b7990f41e15ae96e012c26cccd97230e4bc7570dab04
outputs/experiments/2026-09-27-tuning/fold1/hgb_31_result.json,353,d5e0c9aa3a409f4e27ddf02309de5220042000f532eee3884c35f38e4b713ba5
outputs/experiments/2026-09-27-tuning/fold1/hgb_31_validation.npy,119624,81c712c588d7b00bfbe502b846897480b921bc7ebd7c070fec74e608822ab590
outputs/experiments/2026-09-27-tuning/fold1/hgb_63.joblib,9046235,13b84d4a81cee023144bd0e5e0906f4f92781127dda7b5581421874d84022c1d
outputs/experiments/2026-09-27-tuning/fold1/hgb_63_metrics.csv,415,bde71fe5a70ae6d197ad1ab19e0f70d619515e380d565d27fe8082f56d3b8ca1
outputs/experiments/2026-09-27-tuning/fold1/hgb_63_result.json,355,2773ba1c858c536a2e84e04327b224cf03b36f43cda32bbb98703d57f166d05c
outputs/experiments/2026-09-27-tuning/fold1/hgb_63_validation.npy,119624,7b17dd34df499124924ecd6292a77d2c5438c3ca9f0554654adf89a62dd22beb
outputs/experiments/2026-09-27-tuning/fold1/hgb_mae.joblib,3660619,660e4639ccc41302e03e912c6a1ec96a07d4e42becd2ef0d1d5c86233a7ff141
outputs/experiments/2026-09-27-tuning/fold1/hgb_mae_metrics.csv,419,9424821e95f5857346931c72cf151cb6f22e423707eea3e7ac8290d7d9bc49bf
outputs/experiments/2026-09-27-tuning/fold1/hgb_mae_result.json,357,aa1970886a608234bdf71716d9c28e5bc08a2eb826df3205e48af75e0ad002f6
outputs/experiments/2026-09-27-tuning/fold1/hgb_mae_validation.npy,119624,5bb5d67358d44eaf7c6003e9eab0996fb179d1ef383b8a8f850c2c42c66efc31
outputs/experiments/2026-09-27-tuning/fold1/hgb_reference.joblib,1263291,66455dae304877d86efd710b1da59c8f138eab858ea9222e5807bd1c84187e8d
outputs/experiments/2026-09-27-tuning/fold1/hgb_reference_metrics.csv,437,b91ab3a1afa4d875defc832587c2a4d69455bf5641bbba30df8f6e7961739f85
outputs/experiments/2026-09-27-tuning/fold1/hgb_reference_result.json,366,300ce2c93bd913ddd1606a21f2b0368c1892068b1a96bf0bce2f2e48a2c62b0a
outputs/experiments/2026-09-27-tuning/fold1/hgb_reference_validation.npy,119624,d880b2f97401c0b6e5b7fee3449f006e7d8f8837c4306ab3ad7fb5e4858b1eb2
outputs/experiments/2026-09-27-tuning/fold1/hgb_regularized.joblib,6915035,dbe9731f8cc950f22d002545b0784dd1faa2e3794a4d26deede32ab9c0a3abf7
outputs/experiments/2026-09-27-tuning/fold1/hgb_regularized_metrics.csv,441,c15aac143c58701cd7a381d28d1b990d00e22a0365bdbd6bc6664661090d7fbd
outputs/experiments/2026-09-27-tuning/fold1/hgb_regularized_result.json,372,0cdecc8c6c65d8062607d597380ef24d451efd648adf8cda8f7a1accaa2a5431
outputs/experiments/2026-09-27-tuning/fold1/hgb_regularized_validation.npy,119624,8924c36bf77bcecefb2d9efeae68a14a0d7a1fd4d291b5f050dc6c8508a5dee7
outputs/experiments/2026-09-27-tuning/fold1/lstm_full_huber.keras,446474,45ca6ac9b5ef6c5b04fbec05a8feb1d4e4125465be0830524f1431d9987174b9
outputs/experiments/2026-09-27-tuning/fold1/lstm_full_huber_history.csv,1936,cc06dc8f8996e5466d30d495512dfce1b25db54d3e28cd94e6adffcd21375adb
outputs/experiments/2026-09-27-tuning/fold1/lstm_full_huber_metrics.csv,389,a8dfcdf955b881f46c86a219990313d6f5696e952ad926abc5895304fcc2342c
outputs/experiments/2026-09-27-tuning/fold1/lstm_full_huber_result.json,322,fd5b8a6cfd23ca87597a54a43afb7584cad2d1940037c14b2f32f12d46b70bc2
outputs/experiments/2026-09-27-tuning/fold1/lstm_full_huber_transforms.joblib,3199,51a0290d839a18d00c2d2b7efbfc46ef5bcc5bd1aeff69b32084ed2b25c02797
outputs/experiments/2026-09-27-tuning/fold1/lstm_full_huber_validation.npy,59876,5b8658835e42114020397c86cdec316dce198f0cef9000a31a0202e1f8224336
outputs/experiments/2026-09-27-tuning/fold1/lstm_full_mixed.keras,249865,0ab6cd6796aed4a2caaeeacf30cee5b973372399b95de12d0c2a22b14f49fba9
outputs/experiments/2026-09-27-tuning/fold1/lstm_full_mixed_history.csv,2207,d51c7329cbef515560f6163319a9cf599204f78fc36e3e6022fe6a37577ef678
outputs/experiments/2026-09-27-tuning/fold1/lstm_full_mixed_metrics.csv,390,44bc16d262a0cde40a334d68ea96fb62804faee288b272ef009d8d6c15100ef3
outputs/experiments/2026-09-27-tuning/fold1/lstm_full_mixed_result.json,321,620a0b0b1c561ccc2a58820ce20ef32109b53e9eff56d65455bc24457c769714
outputs/experiments/2026-09-27-tuning/fold1/lstm_full_mixed_transforms.joblib,3199,51a0290d839a18d00c2d2b7efbfc46ef5bcc5bd1aeff69b32084ed2b25c02797
outputs/experiments/2026-09-27-tuning/fold1/lstm_full_mixed_validation.npy,59876,5906521146ccee5c31d7e657850304def3d9a6c59e553564862cd36f02c7bfa7
outputs/experiments/2026-09-27-tuning/fold1/lstm_full_mse.keras,249862,9dea7341545afbfd33e38bca6ba077863dd0624453b562c17af19f63d7cde035
outputs/experiments/2026-09-27-tuning/fold1/lstm_full_mse_history.csv,1658,2f2354dc7cb4d7d06f1d1103650fa6c98e6f6ffc1507bc52039cfc805857a3ce
outputs/experiments/2026-09-27-tuning/fold1/lstm_full_mse_metrics.csv,387,65a6a6c3e9c9f187790df871f7064363e9eb9eefae840e37d42de74569684bc6
outputs/experiments/2026-09-27-tuning/fold1/lstm_full_mse_result.json,314,9f20e58cfff360acb5a22e40dbffaf4b420ce288c911b8386e1e57dbbbdc5927
outputs/experiments/2026-09-27-tuning/fold1/lstm_full_mse_transforms.joblib,3199,51a0290d839a18d00c2d2b7efbfc46ef5bcc5bd1aeff69b32084ed2b25c02797
outputs/experiments/2026-09-27-tuning/fold1/lstm_full_mse_validation.npy,59876,71d4d75b661ef854685e6af69876e255762c825c5e1788f7056e11448cd930b8
outputs/experiments/2026-09-27-tuning/fold2/hgb_31.joblib,4745627,40dc925e8fb9c4968d483391b3c7f078bfd5cd21096e79e2f9a7a500f9e4a962
outputs/experiments/2026-09-27-tuning/fold2/hgb_31_metrics.csv,411,da2407515739be83c222035f936820bc7c766d21e3422c87168618221fba8d19
outputs/experiments/2026-09-27-tuning/fold2/hgb_31_result.json,354,651a3b6a7ebff4f890c37b2fcfd47ba20f8d1f22295bb27f5bb9eb84b8c71065
outputs/experiments/2026-09-27-tuning/fold2/hgb_31_validation.npy,142424,cb8e0d6a5aa510ff76a47b81876e195378a8f36a4c652b9871f8c5e504e5caa1
outputs/experiments/2026-09-27-tuning/fold2/hgb_63.joblib,9046427,5572b0ab0da0a69501f6f6fd587ac9d731d83afd57174d3f64df1b0cdf1982c8
outputs/experiments/2026-09-27-tuning/fold2/hgb_63_metrics.csv,419,4a7784652c611b18972d5959da75a8034b12ad493888f62a30a08f252cc1aa43
outputs/experiments/2026-09-27-tuning/fold2/hgb_63_result.json,354,def77ecdf342f1ec10ec4a32ee481b2fbd42643d2f3ed4b749cd96fc87e3b56c
outputs/experiments/2026-09-27-tuning/fold2/hgb_63_validation.npy,142424,eab16ba1380b61b88c41fcf768a6eff4791641aa9574fd6dda49a09498f34569
outputs/experiments/2026-09-27-tuning/fold2/hgb_mae.joblib,3660811,82a9c90d581ddeed89bdbc66723979b6e808e7cf83f6c8e7560579603ae3a395
outputs/experiments/2026-09-27-tuning/fold2/hgb_mae_metrics.csv,414,a1d0a1e6d3e024100b57fbe2621b11da640d02ff71417fdbf40889134e2e067c
outputs/experiments/2026-09-27-tuning/fold2/hgb_mae_result.json,357,72a9ba7bdb12893300f428adc1b0bc214f21002d80598728b95b14ea6f9f8c46
outputs/experiments/2026-09-27-tuning/fold2/hgb_mae_validation.npy,142424,95fdaa726025df3899753eb3a265a226c2ad4576e7cebf48d2606783a186e8c3
outputs/experiments/2026-09-27-tuning/fold2/hgb_reference.joblib,1263387,7d1b3a0e83538fdd4a983b25ed38a39bd6b594db03c84cef18215ff1fa69dafd
outputs/experiments/2026-09-27-tuning/fold2/hgb_reference_metrics.csv,438,f3ccae1e3b46037aeeff4dead18647bfa112a710e608fbe3ea26880a5dd58af9
outputs/experiments/2026-09-27-tuning/fold2/hgb_reference_result.json,368,190ee0705d707ce0e42837e88890313f4f3f94b0669ea47dc223288c36b8bc5c
outputs/experiments/2026-09-27-tuning/fold2/hgb_reference_validation.npy,142424,8f60b5da8c294ef78e9bf7583ac07039365665cfcc86a4b78b21a04e702511c5
outputs/experiments/2026-09-27-tuning/fold2/hgb_regularized.joblib,6915227,b946bfad0cb311d54095c5d288e516623e67fdd902c605721e99726278dcb887
outputs/experiments/2026-09-27-tuning/fold2/hgb_regularized_metrics.csv,443,0d009446ed1b6156b62b6bbf5660b48d170279bd76bff311deb3b7d1c0774fcc
outputs/experiments/2026-09-27-tuning/fold2/hgb_regularized_result.json,373,71ee873b8157b4c48241c3b739b35792d00d353ab8d3c002f6cf773806f228aa
outputs/experiments/2026-09-27-tuning/fold2/hgb_regularized_validation.npy,142424,f4a86a353e123259d5a2f828c8e2c91af6691424ffb0c463b51952e394ad1fb6
outputs/experiments/2026-09-27-tuning/fold2/lstm_full_huber.keras,446476,3fc9a3d3ad2579c5fcc8e8a18b36b4224b305b5b638e7fb076693231d37052e1
outputs/experiments/2026-09-27-tuning/fold2/lstm_full_huber_history.csv,1685,9b08d9c454055b6fa104cb80f6a68540f3381bed0e8ebd94062d25f6e3168a24
outputs/experiments/2026-09-27-tuning/fold2/lstm_full_huber_metrics.csv,390,9f6d2fc730827b9151f97dc2cd2e16399d895b693886d9208ae8652d00205be0
outputs/experiments/2026-09-27-tuning/fold2/lstm_full_huber_result.json,322,d97c13ed36b3cfbd962117fc842d6648fba1ae802aa2a6c4d81c6ea831b96333
outputs/experiments/2026-09-27-tuning/fold2/lstm_full_huber_transforms.joblib,3199,e19669bbf3ad6bbe5b9338073bb65c13c84822a0f78e4d7147d9b8002c06ea4e
outputs/experiments/2026-09-27-tuning/fold2/lstm_full_huber_validation.npy,71276,cb5a0f86a6766108a0376680866bd516e19f422b7343ad459f6b002f23567ea1
outputs/experiments/2026-09-27-tuning/fold2/lstm_full_mixed.keras,249865,1c1656812ecc2c08dfc6f2d754f2841649546b1768da0076a82b0ee2e482a7d8
outputs/experiments/2026-09-27-tuning/fold2/lstm_full_mixed_history.csv,1893,5d31818ca8f9b0c20070559f2f9c087ff79fe97a97621d256683b5e081fae568
outputs/experiments/2026-09-27-tuning/fold2/lstm_full_mixed_metrics.csv,391,4ef31418a5afffcbbc15e2c3f5b977451d04e551c5d20ba83d309823f0002af3
outputs/experiments/2026-09-27-tuning/fold2/lstm_full_mixed_result.json,322,d3d216570c73d0f86700db04ca1bb16dcc94fea701a55a6d4faa3b49cc9976f7
outputs/experiments/2026-09-27-tuning/fold2/lstm_full_mixed_transforms.joblib,3199,e19669bbf3ad6bbe5b9338073bb65c13c84822a0f78e4d7147d9b8002c06ea4e
outputs/experiments/2026-09-27-tuning/fold2/lstm_full_mixed_validation.npy,71276,f357c1d301ad0701314e31eed8e7143e40a590a13442ef3fe9b6df5ee379a710
outputs/experiments/2026-09-27-tuning/fold2/lstm_full_mse.keras,249863,d9a587bd80d164d21382a3a4a59cfdea5c9b8b4a9a8d7b4f85fb9a1996f35d5f
outputs/experiments/2026-09-27-tuning/fold2/lstm_full_mse_history.csv,911,0a968220f1214c82e3e3c949b244026e09bd1b0c79e7ccf056b74b866d9bb3cd
outputs/experiments/2026-09-27-tuning/fold2/lstm_full_mse_metrics.csv,386,6e6b881bad0263832e955197ca7c8313d29ca9d109580ee86040ed4b315d2423
outputs/experiments/2026-09-27-tuning/fold2/lstm_full_mse_result.json,313,27b9c260aa9102cdef8980d5f40298a85048af059d9971a7145493c3efadae54
outputs/experiments/2026-09-27-tuning/fold2/lstm_full_mse_transforms.joblib,3199,e19669bbf3ad6bbe5b9338073bb65c13c84822a0f78e4d7147d9b8002c06ea4e
outputs/experiments/2026-09-27-tuning/fold2/lstm_full_mse_validation.npy,71276,19f68fc3139dbca31952fff1e95567c1a04b8bd28fd96ebac1ac3b1376ae6f71
outputs/experiments/2026-09-27-tuning/improvements.csv,1478,506a72abafc0ed8d84039d05a7620e3a2aadb53584ac9a0b84ad99938b29d736
outputs/experiments/2026-09-27-tuning/manifest.json,5287,8e9c16d2462e99b99da3ee6cd901276e3f0d23d504606c6f04f7e99d00a5ab70
outputs/experiments/2026-09-27-tuning/network_validation_kwh.png,153724,9e5e627cb25eb831e02830b13c98ab3ac128b60403483343e7785ef06205c1f5
outputs/experiments/2026-09-27-tuning/predictions_kwh.png,484006,3ae79720817be437febcdb7269210785761b083e5bc41ea6a51ea94b37edc9af
outputs/experiments/2026-09-27-tuning/reference/hgb_full.joblib,1266315,34c530a3e36d1584cecf1a51c0f8dd69ba9cc50ee33b44e953b98f77625bd3d1
outputs/experiments/2026-09-27-tuning/reference/lstm_features.keras,192038,6762147929dec866535a62989d9737b7b38bfdfa18ca7c205b3834fe8c1d1f76
outputs/experiments/2026-09-27-tuning/reference/lstm_features_transforms.joblib,3199,5c32ec0919eaa4494bbf12d20c1996eafb382687049166878ba4c62c5ca18be3
outputs/experiments/2026-09-27-tuning/reference/test_metrics.csv,1570,f25e8861b527cd944fb361adaaa50810a56e08bcc264b490f8af7c46c93a0a21
outputs/experiments/2026-09-27-tuning/reference/test_predictions.csv,1355184,d34ea59e6631e551c23577adc4f552560b21f7144760b9f35536dca843ebe8e4
outputs/experiments/2026-09-27-tuning/RELATORIO_AJUSTE.md,8205,de7d54d182769c44c9b4dfaede16a793a80b4574f08ec91123b6bfb6968c06be
outputs/experiments/2026-09-27-tuning/search_trials.csv,3495,f56504ac61b7ceb41120ef3d862f9a74b7934b3f995997040c2978ca26dd36f0
outputs/experiments/2026-09-27-tuning/selection.json,706,f86e9d290f67f2f618fcfa65c3f1b946f1c3e65f1c151b10901b7d04a313be23
outputs/experiments/2026-09-27-tuning/test_metrics.csv,2587,c89710221be8affed20e41b67397f9b0bb84b553fe4e73fd53e525a01de3c04e
outputs/experiments/2026-09-27-tuning/test_predictions.csv,1878678,8a511ce2c0cab8c427309a4cc337fca88074b8f81ddd26ba6fa6c84a7893b4f5
outputs/experiments/2026-09-27-tuning/validation_ranking.csv,592,f314f8c16eb7fce31f0cc78b23eae3960dbf1f5da9f9cd89ba5b64e591fdc31d
outputs/experiments/2026-09-27-tuning/validation_search.png,67607,2d3fde1f325886740e652ae17bfc9faa2e1fbd54655392f7bfeaa3d77acc81db
outputs/figures/experiment_summary.png,350901,f409081f936c50feb8cc139b067a9250f4a5e1f5e94c7d860d06c9c41aee7c85
outputs/figures/metrics_summary.png,102851,ea8318a7f49e16a8bb5e40c8b88e81fafd8d5dd8645adb7f57187b9683df455f
outputs/figures/predictions_vs_actual.png,625276,5c7a7a99e2a60116f7a014797e5ffd32e658b99aa244e06e73a38e4f99cfc979
outputs/figures/scatter_residuals.png,562890,0d549194a5e5422cdc7164425f97cd8cc4fce686095cf5f8feb88e02b1cbbe97
outputs/figures/training_history.png,153753,a29f6eb62b5c94ea5fde861c4246e0ff965e87dd1db59573f659d4890fdc9218
outputs/metrics/test_metrics.csv,278,b97361eb9d832de4cf7353456ca6f871dac5c742f21f0e560a6f4e0281c14fbd
outputs/metrics/test_metrics.json,506,9a5b41c708624f28915124f6fd52c16aaa73d1a2d4836c9e0c745ba79ce3ad83
outputs/models/energy_target_scaler.joblib,639,c72895f01a2420571f1aa2023358cd98a74b373be39e88ffaec273bded6607fa
outputs/models/feature_scaler.joblib,1103,a541b6ffbb54aa3e833ec458e901d6876908172e699964eb80c3b972a6fa907b
outputs/models/lstm_energy_forecaster.keras,411035,dd14e12a850eb3f51ed299ff40ae0e97fbabd34deee52f27f726847f7ccc0bae
README.md,8496,5756d05f4d853ddb7e12d5989268aea4d04ddaa0c7554bd6a958518ef5a6c839
requirements-lock.txt,961,36b56932ff5e1158a0b404144817e68320a51e61ea4edaa7e6eaf054640a3521
requirements.txt,147,bd1b55478b804c55a9cfcf9b78cfba9a0f3a25a8aea3612067c3ccb11779da81
scripts/package_repository.py,6804,776bb32a205bd06eeb4667b5011f66950806eda85161b69917ef6b3cc1c07ea9
src/__init__.py,0,e3b0c44298fc1c149afbf4c8996fb92427ae41e4649b934ca495991b7852b855
src/config.py,2020,6a708685d595019a4fbcc199df55a9b74076401bb451105397eab01d760b12e4
src/data_loader.py,960,ac2083d17cd650bdf9f7a061b289581a16cd91530d1cc8d13a6241a17ebc18a9
src/diagnostics.py,4909,73013bba27c18e503956ed2da2669ecf3c8ecb14d3c2eaa7cb4cd04ba2edfb60
src/evaluate.py,15452,924054335e518787400b46980da0aa6eff6e73334573fd54087b599af6acfe77
src/experiments.py,17913,77f4a944320a9654911f90476a3b3236f35377da4c3728b344bd4e3af1ee2e0f
src/features.py,4671,e2112cbe32b6d30e2f69fc770bdeb2902f7a49d6ea6a4201060ace73ef3e0e7f
src/model.py,1218,a9a5bf12643f92d90d4acd2488fd09acff5629b257d739bb4e98e6d9d1de91ff
src/preprocessing.py,2579,71657ab5b5106008fae24c25aaba692f7a5c166047555cb3814cbd61eebb4ef4
src/reporting.py,13139,c4f4689bef39d14aa5984d4f8773c80c699d6e128ced92b562da4c1dde86c59d
src/scaling.py,1258,5b9c470465926e6e8a5430c89cf583a09421986806eabc801f6cb03c465d9a24
src/train.py,3589,0ea5e70352cc132d6007853aae1d92e8e15636438be4cf618dce801a709692b0
src/tuning.py,20517,317705946068505d7c5cc4586b55a1eb13bb781a9f5091ead0c6b96197350481
src/tuning_report.py,10619,9212853f24267370fa5dd52cd1d77706deee219ce52028c4d275be3e1de6402a
src/windowing.py,2794,30054608e0b0401c86001059a9f3e7075c7f10a14c7cd793c0c6308488e8d4e4
tests/test_data_integrity.py,3195,f0595ddab430f7282983c91e317cfa06fda278e052bff227ff5d4fbc8218521a
tests/test_experiment_transforms.py,1462,8c667865cfb73115e30484993b170b9df5342c8644174ef9bf889539952b5964
tests/test_provenance.py,1896,7ffa6b4cc5ef213d8baa72389e7fe64c63251747119c477013bf30bdeafa41a3
tests/test_tuning.py,3758,cf4c1cee35a01a91b75285fe8ea98455cb924853bddf7eb0362fd6f55becc8bb
tune.py,884,6a755fbac25e4842e4b5fbd78b2db1e6268ab1c5d26cda88ee464edd36e320b7
