loss,val_kwh_score,learning_rate
0.026250893250107765,0.23730449721970504,0.0010000000474974513
0.02273138239979744,0.22977804163184798,0.0010000000474974513
0.021933557465672493,0.22630603435844257,0.0010000000474974513
0.021420562639832497,0.23005796562144898,0.0010000000474974513
0.0210398081690073,0.22714561402108605,0.0010000000474974513
0.020737089216709137,0.22260863721772628,0.0010000000474974513
0.02044556476175785,0.22266720842091234,0.0010000000474974513
0.020283730700612068,0.21922926081283003,0.0010000000474974513
0.01997598633170128,0.21780696050018022,0.0010000000474974513
0.019848601892590523,0.21740238223166528,0.0010000000474974513
0.01971854828298092,0.22052415502017456,0.0010000000474974513
0.019534310325980186,0.21855919563347723,0.0010000000474974513
0.019401200115680695,0.21695163606462428,0.0010000000474974513
0.01927022635936737,0.21647291537158983,0.0010000000474974513
0.01916789822280407,0.21533202638025173,0.0010000000474974513
0.019065050408244133,0.21670870158281094,0.0010000000474974513
0.018978295847773552,0.2178567435603379,0.0010000000474974513
0.018881937488913536,0.21806729835368344,0.0010000000474974513
0.01841438002884388,0.21678094159968073,0.0005000000237487257
0.01827016845345497,0.21489925235230148,0.0005000000237487257
0.01822882890701294,0.21810327952526545,0.0005000000237487257
0.018142124637961388,0.21874519359207598,0.0005000000237487257
0.018050944432616234,0.21880913164916704,0.0005000000237487257
0.01782035268843174,0.21670121945991005,0.0002500000118743628
0.017742574214935303,0.21658208025393436,0.0002500000118743628
0.017648333683609962,0.21566053219480333,0.0002500000118743628
