,Global_active_power,Global_reactive_power,Voltage,Global_intensity,Sub_metering_1,Sub_metering_2,Sub_metering_3,power_mean_5m,power_mean_15m,power_mean_30m,power_mean_60m,power_mean_120m,power_std_15m,power_std_60m,power_min_60m,power_max_60m,power_lag_5m,power_lag_15m,power_lag_1440m,power_lag_10080m,seasonal_day_15min,seasonal_day_30min,seasonal_day_1h,seasonal_week_15min,seasonal_week_30min,seasonal_week_1h,hour_sin,hour_cos,weekday_sin,weekday_cos,year_sin,year_cos,weekend,unmetered_power_kw
Global_active_power,1.0,0.27297289452627027,-0.416264695788525,0.9987621934822578,0.49787962060981095,0.3934119304988877,0.6831839609880291,0.9645394469500623,0.896270024913319,0.8381418244443655,0.7611414942708656,0.6714312367216329,0.558348160619148,0.5481665467018981,0.6649446140359241,0.7422232082684992,0.8637318479956084,0.7171684402267369,0.33277460627168604,0.36169167393077445,0.35002135801242773,0.3594860859100988,0.36706654308562436,0.38542832902712226,0.39548052127543676,0.39755004747420214,-0.22988836425163692,-0.1280885156203281,-0.027022856481432857,0.007341454527863892,0.05057177628608899,0.21916743346547304,0.05483149855390085,0.6631873751375207
Global_reactive_power,0.27297289452627027,1.0,-0.15553686377466355,0.29512395608375436,0.10580024088859487,0.13779825950104804,0.11159963439312565,0.2465585741822779,0.20781502656272086,0.18449595645605124,0.16694252871092274,0.13790938927346366,0.225202052044463,0.19597672528399554,0.08483153206791857,0.20167650716252444,0.19801146377758685,0.14599019660007104,0.03591069017987625,0.059763949367614345,0.04040094527114578,0.03945223248443609,0.037950727445512034,0.06481048756219324,0.06867727988213997,0.07260799686220677,-0.1332027572015789,-0.030738493684658107,-0.07036168562196836,0.00927235537451747,-0.03564931421461049,-0.08071072954824444,0.08653261663113683,0.26729234882773345
Voltage,-0.416264695788525,-0.15553686377466355,1.0,-0.4286583089447046,-0.20359573719556878,-0.14584270927182816,-0.28448073747259206,-0.4052152018760089,-0.38263499929092165,-0.3611480397221856,-0.32473117081981334,-0.2605976131060947,-0.2725269568953671,-0.2855493447101817,-0.24967974316201885,-0.3605092557216685,-0.36777559549430183,-0.31366335166866044,-0.1637783907878913,-0.18660204164163452,-0.1767870386980422,-0.1831706604904799,-0.18551965113594276,-0.2002510745504333,-0.2059434637526197,-0.2078608614474254,0.12512256443514716,0.095044361766517,0.017082553536414396,0.03250186120766088,0.02613888056902527,0.33123082118395974,-0.03132001275302555,-0.2902707506547881
Global_intensity,0.9987621934822578,0.29512395608375436,-0.4286583089447046,1.0,0.506108166968283,0.3988436879924961,0.6704771942468346,0.9622127699095534,0.892273098784235,0.8330486472235938,0.7550681505424927,0.6644694891138206,0.566143200812902,0.5523103495717339,0.653692834118833,0.7415791959557119,0.860204676494384,0.7122898593773334,0.32893820262689943,0.3582086695640481,0.34614224390029436,0.35550620636053193,0.36307501238976164,0.38199376773663757,0.39209851960853137,0.3943218246869193,-0.23108631054461112,-0.12701682688006322,-0.029267444647485607,0.008369456255004442,0.04693492931540848,0.20587156119574374,0.057838914297675986,0.6650675589105617
Sub_metering_1,0.49787962060981095,0.10580024088859487,-0.20359573719556878,0.506108166968283,1.0,0.0423642691901629,0.09334763690647373,0.4516805458497494,0.3590948144127229,0.2963529316209712,0.24798330038901387,0.23208129920760018,0.4434808036420442,0.29316702468434547,0.154541053086117,0.3070936123022414,0.36677923746128377,0.21670273876783488,0.07942194030675863,0.08656947144143848,0.08076913193411858,0.08021534548695232,0.07618601203895978,0.09159275339534759,0.09094778519039973,0.09068440801032589,-0.08516931125267584,-0.019557557017797843,-0.049131423558397065,0.01368654390147422,0.0023271444687646093,0.030442287309913888,0.06468285663562998,0.13722478207989133
Sub_metering_2,0.3934119304988877,0.13779825950104804,-0.14584270927182816,0.3988436879924961,0.0423642691901629,1.0,0.04952715338754781,0.3753628089940288,0.3326666620377875,0.28636287383062653,0.22446764780438092,0.18100388615223373,0.3406591870460377,0.31993383038558637,0.10160904526379534,0.2999065144994231,0.32546534498334123,0.24004376667584826,0.040637902871293104,0.0638197259015858,0.03972180082035029,0.0398111287392109,0.04278059733123965,0.0701771059645695,0.0720882083101605,0.06909798658482963,-0.10940585486044656,-0.0642959482691855,-0.0023665070235070755,0.013886153166258942,0.016934805599208624,0.03047065175287757,0.04580502849873932,0.0746677847613083
Sub_metering_3,0.6831839609880291,0.11159963439312565,-0.28448073747259206,0.6704771942468346,0.09334763690647373,0.04952715338754781,1.0,0.6824945940222924,0.6690749098311948,0.6500657140033461,0.6031842720233223,0.5308534141065628,0.22207503386844418,0.28316537127042984,0.6443015911150857,0.5083974189679658,0.633119776030968,0.5759428309012712,0.2356452272956743,0.27486645192779474,0.2491452557381094,0.2570723064907001,0.26246333133249145,0.29169706680381574,0.29820309160216313,0.2978669044602911,-0.05280254130257503,-0.3004301290207222,-0.005268372495573392,-0.022119160827554597,0.07960923852689687,0.14204304417147526,0.0036168219012707808,0.18783334047395994
power_mean_5m,0.9645394469500623,0.2465585741822779,-0.4052152018760089,0.9622127699095534,0.4516805458497494,0.3753628089940288,0.6824945940222924,1.0,0.9491362350596143,0.8842409101319109,0.7988067361978214,0.7012385425707685,0.5797096422078005,0.5799705183841292,0.6874566710103858,0.7691188965366307,0.9372084143949166,0.7581960725330201,0.3389093656372828,0.37140276702855535,0.3569100023079684,0.36700425914166473,0.37374706436012334,0.3931401338332627,0.40334421664375303,0.4042642773932395,-0.23388434345518783,-0.12857627546967856,-0.027524142531071223,0.0075224344160908846,0.05124326915703851,0.22611868262582602,0.05604704710365894,0.6376523712938232
power_mean_15m,0.896270024913319,0.20781502656272086,-0.38263499929092165,0.892273098784235,0.3590948144127229,0.3326666620377875,0.6690749098311948,0.9491362350596143,1.0,0.9570324372401466,0.8681773617038953,0.7587827811593755,0.5818814902691609,0.6216872987840002,0.7278451919704221,0.811549094463226,0.9558853306553512,0.8772938540872007,0.351104435888437,0.3837813963550801,0.36824101594960107,0.3787946952991845,0.3846239180758295,0.4026620072466827,0.41168111773650196,0.41199082320831115,-0.24592963436191842,-0.12847286456961568,-0.028959038570784783,0.0061969932774704195,0.05290250312341972,0.23589973174729695,0.05917669359989567,0.6097991195527881
power_mean_30m,0.8381418244443655,0.18449595645605124,-0.3611480397221856,0.8330486472235938,0.2963529316209712,0.28636287383062653,0.6500657140033461,0.8842409101319109,0.9570324372401466,1.0,0.9405723961306776,0.8266826997905793,0.504198854282894,0.6476340795646731,0.7737200163854702,0.8520109430460868,0.8907589263884049,0.9265822980983492,0.36212756227522996,0.393537247240655,0.3787659628357385,0.3882549658255565,0.39176259813163766,0.41177555151802886,0.41899898268535185,0.4173138272707263,-0.26115658339926656,-0.12563002746297194,-0.03014327566652492,0.00711322587333894,0.05535213418510352,0.24637174642963466,0.061797842706131895,0.5888158171833192
power_mean_60m,0.7611414942708656,0.16694252871092274,-0.32473117081981334,0.7550681505424927,0.24798330038901387,0.22446764780438092,0.6031842720233223,0.7988067361978214,0.8681773617038953,0.9405723961306776,1.0,0.9207112717628491,0.41378658329877555,0.6543862550965107,0.8401253956082089,0.8872245973348594,0.8021313381933236,0.8565715744360222,0.37024158527207657,0.3978217770316155,0.3847364753992774,0.3918382313290108,0.39124883195461896,0.4124236881316532,0.41757048530277213,0.4132299784769127,-0.28528846938665414,-0.1148074422078637,-0.03190822613053783,0.008608313848568042,0.05901998357863914,0.2616956210375882,0.06557879749417671,0.5593363588079658
power_mean_120m,0.6714312367216329,0.13790938927346366,-0.2605976131060947,0.6644694891138206,0.23208129920760018,0.18100388615223373,0.5308534141065628,0.7012385425707685,0.7587827811593755,0.8266826997905793,0.9207112717628491,1.0,0.3432842879805395,0.5606063956607434,0.8348403095628782,0.8045816808540982,0.7005636191415011,0.74998932521105,0.3567701937592723,0.37771818098775495,0.36632974999932033,0.36893579718514474,0.3610974569062799,0.3880410171035313,0.3902189280558523,0.38076354766999326,-0.32053121926395783,-0.08228099884902416,-0.03367742010279036,0.010406347246529734,0.06425727196852733,0.28438460359807805,0.0699391562109181,0.4957289404116736
power_std_15m,0.558348160619148,0.225202052044463,-0.2725269568953671,0.566143200812902,0.4434808036420442,0.3406591870460377,0.22207503386844418,0.5797096422078005,0.5818814902691609,0.504198854282894,0.41378658329877555,0.3432842879805395,1.0,0.5672170077941239,0.18332276881377202,0.5626979181866164,0.5647898850630915,0.47815483933789915,0.1540984668165018,0.17919062885118386,0.16200148744444326,0.16838748574902965,0.17207781408148654,0.18703774019901834,0.1940180709820605,0.20155589126226828,-0.137009822702523,-0.07634611891598994,-0.03208081354614296,0.01029102310358585,-0.03085470256211804,0.018992460016009113,0.056171497053052966,0.34471015631643764
power_std_60m,0.5481665467018981,0.19597672528399554,-0.2855493447101817,0.5523103495717339,0.29316702468434547,0.31993383038558637,0.28316537127042984,0.5799705183841292,0.6216872987840002,0.6476340795646731,0.6543862550965107,0.5606063956607434,0.5672170077941239,1.0,0.2418134235406004,0.8666293404279221,0.585202497935545,0.5924278423707708,0.22240332710471766,0.25567836424789053,0.23345268036171965,0.24003523964925344,0.24291786042949273,0.26718206467923517,0.2753520276890834,0.27974697880153027,-0.20469710771841,-0.07537387385239554,-0.05174443827661388,0.021894842411751724,-0.028726122617613727,0.060408768968953405,0.08678673364356514,0.3824882984377656
power_min_60m,0.6649446140359241,0.08483153206791857,-0.24967974316201885,0.653692834118833,0.154541053086117,0.10160904526379534,0.6443015911150857,0.6874566710103858,0.7278451919704221,0.7737200163854702,0.8401253956082089,0.8348403095628782,0.18332276881377202,0.2418134235406004,1.0,0.6284312317011869,0.6765713714515194,0.6955206490727636,0.33322100525619164,0.3529539054913363,0.3443289867731232,0.3483487067255062,0.34519248191217405,0.3639060618642612,0.3664091770144982,0.35967352594645335,-0.2299092581115568,-0.12704725638407433,-0.008984590965972757,0.001555626541208769,0.10770179926726951,0.29334902024879267,0.03313029021397481,0.4659784155821982
power_max_60m,0.7422232082684992,0.20167650716252444,-0.3605092557216685,0.7415791959557119,0.3070936123022414,0.2999065144994231,0.5083974189679658,0.7691188965366307,0.811549094463226,0.8520109430460868,0.8872245973348594,0.8045816808540982,0.5626979181866164,0.8666293404279221,0.6284312317011869,1.0,0.7593598224206994,0.7696249269520118,0.33412162255593625,0.369274389100257,0.3495148674397933,0.35729425487739874,0.35793610000815435,0.3844739205908191,0.3922294227353485,0.391810674501262,-0.2704367783739734,-0.1299806754667715,-0.03956760027878675,0.013531268270244557,0.015594410154632256,0.15343706376608146,0.07575008641645757,0.5326737597663039
power_lag_5m,0.8637318479956084,0.19801146377758685,-0.36777559549430183,0.860204676494384,0.36677923746128377,0.32546534498334123,0.633119776030968,0.9372084143949166,0.9558853306553512,0.8907589263884049,0.8021313381933236,0.7005636191415011,0.5647898850630915,0.585202497935545,0.6765713714515194,0.7593598224206994,1.0,0.7770761138852672,0.3296273002871997,0.36081982193094664,0.34765303507885287,0.35785588800842566,0.36332681101999403,0.378583436825407,0.3885766049423689,0.3904086614009645,-0.22630630897455853,-0.12159731365458774,-0.02555302520797102,0.003183234177624832,0.04932930875982073,0.22272173274289392,0.05279433305561215,0.5818759444938587
power_lag_15m,0.7171684402267369,0.14599019660007104,-0.31366335166866044,0.7122898593773334,0.21670273876783488,0.24004376667584826,0.5759428309012712,0.7581960725330201,0.8772938540872007,0.9265822980983492,0.8565715744360222,0.74998932521105,0.47815483933789915,0.5924278423707708,0.6955206490727636,0.7696249269520118,0.7770761138852672,1.0,0.3250722467472593,0.3567012496719502,0.3381142252230625,0.34732999304920475,0.34986177925345235,0.37148199184992736,0.37671026030873367,0.3741682406175407,-0.23787107657897616,-0.11257047283952144,-0.027101132949732657,0.008597247132365753,0.050582444280726835,0.2189666928635581,0.05480882686706141,0.5129153147655324
power_lag_1440m,0.33277460627168604,0.03591069017987625,-0.1637783907878913,0.32893820262689943,0.07942194030675863,0.040637902871293104,0.2356452272956743,0.3389093656372828,0.351104435888437,0.36212756227522996,0.37024158527207657,0.3567701937592723,0.1540984668165018,0.22240332710471766,0.33322100525619164,0.33412162255593625,0.3296273002871997,0.3250722467472593,1.0,0.30303981003106145,0.8775577003738597,0.8258627725861759,0.7523101379501103,0.32365129228488687,0.3348420454952357,0.34574095369206864,-0.2324904114428619,-0.12609872785157428,-0.012377092485338139,0.025202014830453038,0.05344372680797742,0.21937790244723426,0.0154041526316547,0.335115419227572
power_lag_10080m,0.36169167393077445,0.059763949367614345,-0.18660204164163452,0.3582086695640481,0.08656947144143848,0.0638197259015858,0.27486645192779474,0.37140276702855535,0.3837813963550801,0.393537247240655,0.3978217770316155,0.37771818098775495,0.17919062885118386,0.25567836424789053,0.3529539054913363,0.369274389100257,0.36081982193094664,0.3567012496719502,0.30303981003106145,1.0,0.3194306241021118,0.32799907609633755,0.33452724593072525,0.8760415356303923,0.8245618423477484,0.7512484876221237,-0.22733401065696565,-0.13165837656600796,-0.0318120556332625,0.0040909929887873895,0.06546936966577378,0.20486062678171518,0.061215993196088114,0.32924344266808203
seasonal_day_15min,0.35002135801242773,0.04040094527114578,-0.1767870386980422,0.34614224390029436,0.08076913193411858,0.03972180082035029,0.2491452557381094,0.3569100023079684,0.36824101594960107,0.3787659628357385,0.3847364753992774,0.36632974999932033,0.16200148744444326,0.23345268036171965,0.3443289867731232,0.3495148674397933,0.34765303507885287,0.3381142252230625,0.8775577003738597,0.3194306241021118,1.0,0.9571041291113824,0.8683360267064876,0.34459177677145436,0.3584711499985883,0.3731336528297563,-0.24029455881915993,-0.14285850419350363,-0.015249182997451493,0.025355541642892204,0.05634204431842338,0.23575088878819025,0.017910361304440334,0.3550998384229544
seasonal_day_30min,0.3594860859100988,0.03945223248443609,-0.1831706604904799,0.35550620636053193,0.08021534548695232,0.0398111287392109,0.2570723064907001,0.36700425914166473,0.3787946952991845,0.3882549658255565,0.3918382313290108,0.36893579718514474,0.16838748574902965,0.24003523964925344,0.3483487067255062,0.35729425487739874,0.35785588800842566,0.34732999304920475,0.8258627725861759,0.32799907609633755,0.9571041291113824,1.0,0.9406475284361079,0.3563833704255585,0.373313233042838,0.3917816445409283,-0.24592455849286238,-0.15742683585007897,-0.016189021468614406,0.026159647217016576,0.05876823261221005,0.2461844867729103,0.01948971758262346,0.3659771415182592
seasonal_day_1h,0.36706654308562436,0.037950727445512034,-0.18551965113594276,0.36307501238976164,0.07618601203895978,0.04278059733123965,0.26246333133249145,0.37374706436012334,0.3846239180758295,0.39176259813163766,0.39124883195461896,0.3610974569062799,0.17207781408148654,0.24291786042949273,0.34519248191217405,0.35793610000815435,0.36332681101999403,0.34986177925345235,0.7523101379501103,0.33452724593072525,0.8683360267064876,0.9406475284361079,1.0,0.3649815222469458,0.3859033744421528,0.41303556737548575,-0.24935656244945958,-0.18395269828233007,-0.017308574707201714,0.027127665162503627,0.06234735333684445,0.26137870339216696,0.021898611680942436,0.37638803890566147
seasonal_week_15min,0.38542832902712226,0.06481048756219324,-0.2002510745504333,0.38199376773663757,0.09159275339534759,0.0701771059645695,0.29169706680381574,0.3931401338332627,0.4026620072466827,0.41177555151802886,0.4124236881316532,0.3880410171035313,0.18703774019901834,0.26718206467923517,0.3639060618642612,0.3844739205908191,0.378583436825407,0.37148199184992736,0.32365129228488687,0.8760415356303923,0.34459177677145436,0.3563833704255585,0.3649815222469458,1.0,0.9568813445375597,0.8678199044744148,-0.23523125697510908,-0.14873332019985927,-0.03365323858776315,0.0015539380616038912,0.0700489887276452,0.21990503218548876,0.06578499437610294,0.35136548312792426
seasonal_week_30min,0.39548052127543676,0.06867727988213997,-0.2059434637526197,0.39209851960853137,0.09094778519039973,0.0720882083101605,0.29820309160216313,0.40334421664375303,0.41168111773650196,0.41899898268535185,0.41757048530277213,0.3902189280558523,0.1940180709820605,0.2753520276890834,0.3664091770144982,0.3922294227353485,0.3885766049423689,0.37671026030873367,0.3348420454952357,0.8245618423477484,0.3584711499985883,0.373313233042838,0.3859033744421528,0.9568813445375597,1.0,0.9404626169012058,-0.24066094518923,-0.1634071025074501,-0.03533830625206152,0.0012380089489634144,0.07312713461681734,0.2295957418685807,0.06868536193076849,0.36409139405174135
seasonal_week_1h,0.39755004747420214,0.07260799686220677,-0.2078608614474254,0.3943218246869193,0.09068440801032589,0.06909798658482963,0.2978669044602911,0.4042642773932395,0.41199082320831115,0.4173138272707263,0.4132299784769127,0.38076354766999326,0.20155589126226828,0.27974697880153027,0.35967352594645335,0.391810674501262,0.3904086614009645,0.3741682406175407,0.34574095369206864,0.7512484876221237,0.3731336528297563,0.3917816445409283,0.41303556737548575,0.8678199044744148,0.9404626169012058,1.0,-0.2436237579269535,-0.18996090428346693,-0.03761139750463681,0.0009538612767824458,0.07766251522027073,0.24368673970805405,0.07261253697260957,0.3705722048229863
hour_sin,-0.22988836425163692,-0.1332027572015789,0.12512256443514716,-0.23108631054461112,-0.08516931125267584,-0.10940585486044656,-0.05280254130257503,-0.23388434345518783,-0.24592963436191842,-0.26115658339926656,-0.28528846938665414,-0.32053121926395783,-0.137009822702523,-0.20469710771841,-0.2299092581115568,-0.2704367783739734,-0.22630630897455853,-0.23787107657897616,-0.2324904114428619,-0.22733401065696565,-0.24029455881915993,-0.24592455849286238,-0.24935656244945958,-0.23523125697510908,-0.24066094518923,-0.2436237579269535,1.0,0.0014738818392618454,0.00045022038671012246,0.0020783026103433078,-0.0004889997320144935,-0.0017085897234503384,0.0006222010846696503,-0.2781116762064708
hour_cos,-0.1280885156203281,-0.030738493684658107,0.095044361766517,-0.12701682688006322,-0.019557557017797843,-0.0642959482691855,-0.3004301290207222,-0.12857627546967856,-0.12847286456961568,-0.12563002746297194,-0.1148074422078637,-0.08228099884902416,-0.07634611891598994,-0.07537387385239554,-0.12704725638407433,-0.1299806754667715,-0.12159731365458774,-0.11257047283952144,-0.12609872785157428,-0.13165837656600796,-0.14285850419350363,-0.15742683585007897,-0.18395269828233007,-0.14873332019985927,-0.1634071025074501,-0.18996090428346693,0.0014738818392618454,1.0,-0.001594378113664408,-0.0012949034593053475,0.0003303631412758622,0.0005770750730731822,0.0030114712278643437,0.1273253572390669
weekday_sin,-0.027022856481432857,-0.07036168562196836,0.017082553536414396,-0.029267444647485607,-0.049131423558397065,-0.0023665070235070755,-0.005268372495573392,-0.027524142531071223,-0.028959038570784783,-0.03014327566652492,-0.03190822613053783,-0.03367742010279036,-0.03208081354614296,-0.05174443827661388,-0.008984590965972757,-0.03956760027878675,-0.02555302520797102,-0.027101132949732657,-0.012377092485338139,-0.0318120556332625,-0.015249182997451493,-0.016189021468614406,-0.017308574707201714,-0.03365323858776315,-0.03533830625206152,-0.03761139750463681,0.00045022038671012246,-0.001594378113664408,1.0,0.007046585242475275,0.0008731896148308746,-0.010050684972577722,-0.7797423036712775,-0.011053505828419278
weekday_cos,0.007341454527863892,0.00927235537451747,0.03250186120766088,0.008369456255004442,0.01368654390147422,0.013886153166258942,-0.022119160827554597,0.0075224344160908846,0.0061969932774704195,0.00711322587333894,0.008608313848568042,0.010406347246529734,0.01029102310358585,0.021894842411751724,0.001555626541208769,0.013531268270244557,0.003183234177624832,0.008597247132365753,0.025202014830453038,0.0040909929887873895,0.025355541642892204,0.026159647217016576,0.027127665162503627,0.0015539380616038912,0.0012380089489634144,0.0009538612767824458,0.0020783026103433078,-0.0012949034593053475,0.007046585242475275,1.0,0.0090978289629859,-0.0025231321332576896,0.17775737050574006,0.02037013872049544
year_sin,0.05057177628608899,-0.03564931421461049,0.02613888056902527,0.04693492931540848,0.0023271444687646093,0.016934805599208624,0.07960923852689687,0.05124326915703851,0.05290250312341972,0.05535213418510352,0.05901998357863914,0.06425727196852733,-0.03085470256211804,-0.028726122617613727,0.10770179926726951,0.015594410154632256,0.04932930875982073,0.050582444280726835,0.05344372680797742,0.06546936966577378,0.05634204431842338,0.05876823261221005,0.06234735333684445,0.0700489887276452,0.07312713461681734,0.07766251522027073,-0.0004889997320144935,0.0003303631412758622,0.0008731896148308746,0.0090978289629859,1.0,-0.020914848415476587,0.0018421163120891386,0.002585739120796354
year_cos,0.21916743346547304,-0.08071072954824444,0.33123082118395974,0.20587156119574374,0.030442287309913888,0.03047065175287757,0.14204304417147526,0.22611868262582602,0.23589973174729695,0.24637174642963466,0.2616956210375882,0.28438460359807805,0.018992460016009113,0.060408768968953405,0.29334902024879267,0.15343706376608146,0.22272173274289392,0.2189666928635581,0.21937790244723426,0.20486062678171518,0.23575088878819025,0.2461844867729103,0.26137870339216696,0.21990503218548876,0.2295957418685807,0.24368673970805405,-0.0017085897234503384,0.0005770750730731822,-0.010050684972577722,-0.0025231321332576896,-0.020914848415476587,1.0,0.0058269879521276385,0.24910277576732717
weekend,0.05483149855390085,0.08653261663113683,-0.03132001275302555,0.057838914297675986,0.06468285663562998,0.04580502849873932,0.0036168219012707808,0.05604704710365894,0.05917669359989567,0.061797842706131895,0.06557879749417671,0.0699391562109181,0.056171497053052966,0.08678673364356514,0.03313029021397481,0.07575008641645757,0.05279433305561215,0.05480882686706141,0.0154041526316547,0.061215993196088114,0.017910361304440334,0.01948971758262346,0.021898611680942436,0.06578499437610294,0.06868536193076849,0.07261253697260957,0.0006222010846696503,0.0030114712278643437,-0.7797423036712775,0.17775737050574006,0.0018421163120891386,0.0058269879521276385,1.0,0.030185464306564026
unmetered_power_kw,0.6631873751375207,0.26729234882773345,-0.2902707506547881,0.6650675589105617,0.13722478207989133,0.0746677847613083,0.18783334047395994,0.6376523712938232,0.6097991195527881,0.5888158171833192,0.5593363588079658,0.4957289404116736,0.34471015631643764,0.3824882984377656,0.4659784155821982,0.5326737597663039,0.5818759444938587,0.5129153147655324,0.335115419227572,0.32924344266808203,0.3550998384229544,0.3659771415182592,0.37638803890566147,0.35136548312792426,0.36409139405174135,0.3705722048229863,-0.2781116762064708,0.1273253572390669,-0.011053505828419278,0.02037013872049544,0.002585739120796354,0.24910277576732717,0.030185464306564026,1.0
