,count,mean,std,min,25%,50%,75%,max,variance,missing_fraction
Global_active_power,33681.0,1.098034381866455,0.9703918099403381,0.1379999965429306,0.335999995470047,0.7599999904632568,1.5379999876022339,9.72599983215332,0.9416603,0.0
Global_reactive_power,33681.0,0.13013391196727753,0.11642313748598099,0.0,0.052000001072883606,0.10199999809265137,0.20000000298023224,1.0759999752044678,0.013554347,0.0
Voltage,33681.0,241.69259643554688,2.8366549015045166,229.3699951171875,239.89999389648438,241.60000610351562,243.41000366210938,253.27000427246094,8.046611,0.0
Global_intensity,33681.0,4.622885704040527,4.066264629364014,0.6000000238418579,1.399999976158142,3.200000047683716,6.400000095367432,42.0,16.53451,0.0
Sub_metering_1,33681.0,1.0633888244628906,5.936750411987305,0.0,0.0,0.0,0.0,87.0,35.245003,0.0
Sub_metering_2,33681.0,1.1048662662506104,5.088479518890381,0.0,0.0,0.0,1.0,78.0,25.892626,0.0
Sub_metering_3,33681.0,7.478816032409668,8.761916160583496,0.0,1.0,1.0,18.0,31.0,76.77117,0.0
power_mean_5m,33681.0,1.097044825553894,0.9441576600074768,0.1379999965429306,0.34119999408721924,0.758400022983551,1.5499999523162842,9.723199844360352,0.8914337,0.0
power_mean_15m,33681.0,1.0970677137374878,0.9086887240409851,0.1417333334684372,0.3550666570663452,0.7546666860580444,1.5703999996185303,7.647466659545898,0.8257152,0.0
power_mean_30m,33681.0,1.0971941947937012,0.8696803450584412,0.1746000051498413,0.3686666786670685,0.8009333610534668,1.570533275604248,6.845600128173828,0.7563439,0.0
power_mean_60m,33681.0,1.0974359512329102,0.8180233836174011,0.18806666135787964,0.37433332204818726,0.871066689491272,1.5812666416168213,6.178933143615723,0.6691623,0.0
power_mean_120m,33681.0,1.0980517864227295,0.7532864212989807,0.21996666491031647,0.41819998621940613,0.8942166566848755,1.577133297920227,5.029033184051514,0.5674404,0.0
power_std_15m,33681.0,0.21129949390888214,0.27700114250183105,7.675565427689435e-08,0.04148436337709427,0.07235310226678848,0.2956314980983734,2.648163080215454,0.076729625,0.0
power_std_60m,33681.0,0.39265334606170654,0.347085565328598,0.005688227713108063,0.1536710560321808,0.24605312943458557,0.5584878325462341,2.880495548248291,0.120468386,0.0
power_min_60m,33681.0,0.6530848145484924,0.5824297666549683,0.1379999965429306,0.23800000548362732,0.3179999887943268,1.25,5.291999816894531,0.33922443,0.0
power_max_60m,33681.0,2.069528102874756,1.436294674873352,0.19200000166893005,0.9800000190734863,1.628000020980835,2.869999885559082,9.732000350952148,2.0629425,0.0
power_lag_5m,33681.0,1.09846031665802,0.967265248298645,0.1379999965429306,0.335999995470047,0.765999972820282,1.5379999876022339,9.121999740600586,0.93560207,0.0
power_lag_15m,33681.0,1.0982625484466553,0.9704663157463074,0.1379999965429306,0.335999995470047,0.7599999904632568,1.5379999876022339,9.72599983215332,0.9418049,0.0
power_lag_1440m,33326.0,1.1000733375549316,0.9747502207756042,0.1379999965429306,0.335999995470047,0.7580000162124634,1.5399999618530273,9.72599983215332,0.95013803,0.010540067100145482
power_lag_10080m,32503.0,1.1058762073516846,0.974173903465271,0.14000000059604645,0.33799999952316284,0.7760000228881836,1.5420000553131104,9.72599983215332,0.9490148,0.03497520857456726
seasonal_day_15min,33318.0,0.2745509147644043,0.22797155380249023,0.0354333333671093,0.08860000222921371,0.18825000524520874,0.3927333354949951,1.9118666648864746,0.05197103,0.010777589739022
seasonal_day_30min,33307.0,0.548941969871521,0.4363686144351959,0.08730000257492065,0.18406666815280914,0.39910000562667847,0.7850833535194397,3.422800064086914,0.19041757,0.011104183367477212
seasonal_day_1h,33285.0,1.097416639328003,0.8208202719688416,0.18806666135787964,0.37353333830833435,0.8685333132743835,1.580399990081787,6.178933143615723,0.6737459,0.011757370624387637
seasonal_week_15min,32490.0,0.2759900689125061,0.22776639461517334,0.0354333333671093,0.08926666527986526,0.19251665472984314,0.3933333456516266,1.9118666648864746,0.051877532,0.035361182862741605
seasonal_week_30min,32474.0,0.5518321394920349,0.4358394742012024,0.0874333307147026,0.18569999933242798,0.4062333405017853,0.7861250042915344,3.422800064086914,0.18995605,0.03583622814049464
seasonal_week_1h,32442.0,1.103241205215454,0.8196163177490234,0.18850000202655792,0.3767000138759613,0.8778499960899353,1.583133339881897,6.178933143615723,0.67177093,0.036786318696000714
hour_sin,33681.0,0.0016125889960676432,0.706355631351471,-0.9996573328971863,-0.6883545517921448,0.026176948100328445,0.6883545517921448,0.9996573328971863,0.4989383,0.0
hour_cos,33681.0,0.0009633891750127077,0.7078756093978882,-0.9996573328971863,-0.7253744006156921,0.026176948100328445,0.7253744006156921,0.9996573328971863,0.50108784,0.0
weekday_sin,33681.0,0.0026516695506870747,0.7041551470756531,-0.9749279022216797,-0.7818315029144287,0.0,0.7818315029144287,0.9749279022216797,0.4958345,0.0
weekday_cos,33681.0,-0.0016228345921263099,0.710060179233551,-0.9009688496589661,-0.9009688496589661,-0.22252093255519867,0.6234897971153259,1.0,0.5041855,0.0
year_sin,33681.0,0.015103473328053951,0.7042039632797241,-0.9999994039535522,-0.6772399544715881,0.01720157451927662,0.7187919020652771,0.9999855756759644,0.4959032,0.0
year_cos,33681.0,0.00232488289475441,0.7098541855812073,-0.9999791979789734,-0.7225188612937927,0.018276557326316833,0.7120310664176941,1.0,0.50389296,0.0
weekend,33681.0,0.27977198362350464,0.4488937556743622,0.0,0.0,0.0,1.0,1.0,0.2015056,0.0
unmetered_power_kw,33681.0,0.5192100405693054,0.47312793135643005,-0.03400000184774399,0.23399999737739563,0.33000001311302185,0.6159999966621399,5.013999938964844,0.22385004,0.0
