loss,mae,val_loss,val_mae,learning_rate
0.4245914816856384,0.46004217863082886,0.36109045147895813,0.39454054832458496,0.0005000000237487257
0.3020450174808502,0.3693385720252991,0.32913079857826233,0.3692656457424164,0.0005000000237487257
0.2749030888080597,0.34762516617774963,0.3191770911216736,0.37000107765197754,0.0005000000237487257
0.26457422971725464,0.3378739655017853,0.3116251230239868,0.35914134979248047,0.0005000000237487257
0.2571916878223419,0.33109715580940247,0.31420284509658813,0.3641481101512909,0.0005000000237487257
0.25256043672561646,0.32678890228271484,0.3134459853172302,0.36297187209129333,0.0005000000237487257
0.24754230678081512,0.3229082524776459,0.3059300482273102,0.3583832085132599,0.0002500000118743628
0.24499547481536865,0.32080960273742676,0.3063967823982239,0.3524029850959778,0.0002500000118743628
0.2442249059677124,0.31940898299217224,0.30250343680381775,0.35505375266075134,0.0002500000118743628
0.24275660514831543,0.3185103237628937,0.308851033449173,0.3572584390640259,0.0002500000118743628
0.24012556672096252,0.3159717619419098,0.3025030791759491,0.35438331961631775,0.0002500000118743628
0.2371496856212616,0.3142857253551483,0.3030068576335907,0.3540479242801666,0.0001250000059371814
0.23849745094776154,0.31482380628585815,0.30286431312561035,0.3583713471889496,0.0001250000059371814
0.23580902814865112,0.31365808844566345,0.30297958850860596,0.35833513736724854,6.25000029685907e-05
0.23642924427986145,0.31439054012298584,0.30183008313179016,0.35627639293670654,6.25000029685907e-05
0.23527544736862183,0.31303271651268005,0.3024917244911194,0.35534417629241943,6.25000029685907e-05
0.23513197898864746,0.312846302986145,0.30179885029792786,0.3568553924560547,6.25000029685907e-05
0.23420028388500214,0.3128172755241394,0.30100390315055847,0.3551524579524994,3.125000148429535e-05
0.23337934911251068,0.312439888715744,0.3015182912349701,0.3567202091217041,3.125000148429535e-05
0.23445406556129456,0.31230372190475464,0.30249375104904175,0.3571794629096985,3.125000148429535e-05
0.23383688926696777,0.31219691038131714,0.30170100927352905,0.3556242883205414,1.5625000742147677e-05
0.23256857693195343,0.31105732917785645,0.30184152722358704,0.3564102351665497,1.5625000742147677e-05
0.23283575475215912,0.31080394983291626,0.3017338812351227,0.35632655024528503,9.999999747378752e-06
