,rows,missing_rows
2006-12-01,21996,4
2007-01-01,44640,2
2007-02-01,40320,2
2007-03-01,44640,1
2007-04-01,43200,3723
2007-05-01,44640,0
2007-06-01,43200,43
2007-07-01,44640,131
2007-08-01,44640,22
2007-09-01,43200,2
2007-10-01,44640,2
2007-11-01,43200,2
2007-12-01,44640,1
2008-01-01,44640,1
2008-02-01,41760,3
2008-03-01,44640,1
2008-04-01,43200,0
2008-05-01,44640,2
2008-06-01,43200,1
2008-07-01,44640,2
2008-08-01,44640,2
2008-09-01,43200,0
2008-10-01,44640,43
2008-11-01,43200,9
2008-12-01,44640,71
2009-01-01,44640,1
2009-02-01,40320,64
2009-03-01,44640,2
2009-04-01,43200,2
2009-05-01,44640,4
2009-06-01,43200,3305
2009-07-01,44640,4
2009-08-01,44640,891
2009-09-01,43200,3
2009-10-01,44640,1
2009-11-01,43200,1
2009-12-01,44640,2
2010-01-01,44640,3131
2010-02-01,40320,2
2010-03-01,44640,2027
2010-04-01,43200,1
2010-05-01,44640,1
2010-06-01,43200,2
2010-07-01,44640,1
2010-08-01,44640,7226
2010-09-01,43200,5237
2010-10-01,44640,1
2010-11-01,37263,0
