,Global_active_power,Global_active_power,Global_active_power,Global_reactive_power,Global_reactive_power,Global_reactive_power,Voltage,Voltage,Voltage,Global_intensity,Global_intensity,Global_intensity,Sub_metering_1,Sub_metering_1,Sub_metering_1,Sub_metering_2,Sub_metering_2,Sub_metering_2,Sub_metering_3,Sub_metering_3,Sub_metering_3
,mean,std,count,mean,std,count,mean,std,count,mean,std,count,mean,std,count,mean,std,count,mean,std,count
2006-12-01,1.9012951073117497,1.4180119978173489,21992,0.1313857766460531,0.11990797690829265,21992,241.4411249545289,3.9160690897346697,21992,8.029956347762822,5.956115354479786,21992,1.2486358675882139,6.653183936297093,21992,2.21498726809749,8.44875992539985,21992,7.409558021098581,8.66007317497567,21992
2007-01-01,1.5460339172902011,1.2920066304956912,44638,0.13267610556028495,0.11832579467460712,44638,240.905101259017,3.4618342326078966,44638,6.54691518437206,5.459576996879199,44638,1.2642367489582866,6.584609919118104,44638,1.7759308212733544,7.39587359055054,44638,7.383350508535329,8.648723292543748,44638
2007-02-01,1.401083535889677,1.312336820850591,40318,0.11363678753906445,0.11020861699199448,40318,240.51939034674336,2.983490384181515,40318,5.914569175058287,5.540229281202575,40318,1.1802172726821767,6.24872145822703,40318,1.6023612282355275,6.673033870404817,40318,6.703556724043851,8.509020249197556,40318
2007-03-01,1.3186270301754073,1.276039831661878,44639,0.11474683572660678,0.1096598933848721,44639,240.51346916373575,2.9811289921394493,44639,5.572978785367056,5.401543238989294,44639,1.3613432200542126,6.696869136170488,44639,2.346871569703622,8.128952306364383,44639,6.5046484016219,8.449257625452647,44639
2007-04-01,0.8911889454619145,0.9891901624646677,39477,0.11877787065886465,0.10298861493710097,39477,239.40002609114168,2.9910239635995253,39477,3.825675709907035,4.172744166289566,39477,1.065886465536895,6.221124662685857,39477,0.9731489221572055,4.5026746362314585,39477,4.800339438153862,7.762154699787368,39477
2007-05-01,0.9858618279569893,1.0064125473909435,44640,0.11534260752688173,0.10591210783644674,44640,235.17836379928315,2.2451367889207376,44640,4.297464157706093,4.34243215977748,44640,1.6966173835125449,7.435040622341499,44640,1.6158602150537635,6.24939392382548,44640,5.1399641577060935,7.715751351869112,44640
2007-06-01,0.8268143754199783,0.9530001118706842,43157,0.14639525453576477,0.11853228751102546,43157,238.87553004147648,3.200086512729421,43157,3.603549829691591,4.042548336928339,43157,1.3826725676020113,6.860089620960562,43157,1.6205714020900432,5.944372965147201,43157,4.375906573672869,7.491606616868154,43157
2007-07-01,0.6673668246871419,0.822755481406337,44509,0.1274812285155811,0.11038262595066664,44509,237.6712473881687,3.5875157928280097,44509,2.9441326473297535,3.4865131934705293,44509,0.9672650475184794,5.752940693189386,44509,1.252173717675077,5.3389717590126,44509,3.478285290615381,6.891170636305898,44509
2007-08-01,0.7641862028777623,0.896656861982384,44618,0.11281644179479135,0.09747296808282964,44618,237.93724147205162,3.354520932089811,44618,3.3126675332825317,3.793611708891561,44618,0.812474785960823,5.19027206408324,44618,1.1141467569142498,5.523157649871288,44618,5.05271415123941,7.778194066809403,44618
2007-09-01,0.9693181628779111,1.066058984436287,43198,0.12601083383489978,0.1071298763271676,43198,239.42410759757396,2.4554473889584068,43198,4.174609935645169,4.50166385677505,43198,1.2232279272188527,6.464299707513862,43198,1.7426038242511228,6.425349225376956,43198,5.24040464836335,7.959103278202632,43198
2007-10-01,1.1039107934943322,1.1195410677819821,44638,0.09344437474797258,0.09288499004948342,44638,239.72582575384203,2.7401528398424744,44638,4.677176396791971,4.74492114380316,44638,0.9681885389130337,5.691706249735143,44638,1.9694878802813747,7.703779513858631,44638,5.7368161655988175,8.161551982284811,44638
2007-11-01,1.2944729848604102,1.2108469305923977,43198,0.09655317375804437,0.09775949656879268,43198,240.86926200287053,3.2541597472525132,43198,5.445941941756563,5.109354302827191,43198,1.1765128015185888,6.334180234688072,43198,1.705310431038474,7.5436589175770115,43198,6.937589703227001,8.577104592731978,43198
2007-12-01,1.626473935348014,1.357201343316164,44639,0.11090042339658147,0.11380862674358214,44639,241.7257628979144,3.6206019040547237,44639,6.819556889715272,5.731226991724022,44639,1.6597594032124376,7.4955285232599165,44639,1.857814915208674,7.909840977159255,44639,8.118976679585117,8.81778991271208,44639
2008-01-01,1.4599202939133942,1.2057963659811017,44639,0.08755209570106857,0.08768558635707445,44639,240.64632944286387,3.469386212799361,44639,6.181715540222675,5.0984495512902575,44639,1.3835659400972244,7.011247522873549,44639,1.4093281659535384,6.633865495914749,44639,6.993324223212886,8.581528800669046,44639
2008-02-01,1.1813844864334124,1.1527159364219768,41757,0.08716354144215341,0.09714236633659008,41757,240.6029638144503,3.4875589692365474,41757,4.974260603012669,4.879048853488403,41757,0.9625212539214982,5.718883756864065,41757,1.356562971477836,6.102063502641462,41757,6.12874488109778,8.357005495085506,41757
2008-03-01,1.245336902708394,1.1428302660448815,44639,0.1015136091758328,0.10061992170000236,44639,241.32537534442974,3.1061328110063964,44639,5.234830529357737,4.832632490360166,44639,1.413786151123457,6.947857676081025,44639,1.7759582427921772,7.254154050139616,44639,6.265149308900289,8.43301128329478,44639
2008-04-01,1.115972037037037,1.077320048657128,43200,0.12411481481481482,0.12247764415165992,43200,241.2211912037037,2.64057761967494,43200,4.697060185185185,4.552263249035959,43200,1.0898148148148148,6.032308666952354,43200,1.6405324074074075,6.7404360592828265,43200,6.844398148148148,8.470993265253535,43200
2008-05-01,1.0242811057843093,0.9644574915641105,44638,0.15450038084143555,0.11959003829178749,44638,240.36791858954254,2.2761850145961255,44638,4.384094269456517,4.062159195363818,44638,1.1892109861552937,6.318527003838781,44638,1.3196603790492405,5.5263935565726285,44638,6.510596352883193,8.392146989913968,44638
2008-06-01,0.9940964374175328,0.9775007037211301,43199,0.15163401930600245,0.12387661467689944,43199,238.97518785157064,2.664571966955814,43199,4.30146531169703,4.130768087642224,43199,1.5909627537674482,7.275345500837738,43199,1.4687608509456238,6.032935041677588,43199,6.715502673673002,8.469836190572464,43199
2008-07-01,0.7947806353331242,0.8025580781079168,44638,0.14676835879743716,0.11874449238250097,44638,239.77082620189077,1.716952837294312,44638,3.4636811685111337,3.37622623622068,44638,1.0599265200053767,5.984411006230552,44638,0.9950266589004884,4.653085675853924,44638,5.090461042161387,7.650919323042576,44638
2008-08-01,0.276488193915498,0.41512621603259814,44638,0.12780693579461447,0.10474371756335345,44638,240.43305166002062,1.8642777766561272,44638,1.263569156324208,1.783979658228746,44638,0.08676463999283122,1.7413898392505835,44638,0.49876786594381467,2.542227687939655,44638,1.7846901742909629,3.8985661989651392,44638
2008-09-01,0.9876803703703704,0.9626208530363692,43200,0.12498041666666668,0.11102985157701457,43200,240.12458078703705,2.17483070805975,43200,4.212347222222222,4.053063659810825,43200,1.2124074074074074,6.344407717480223,43200,1.032175925925926,5.055206407147075,43200,6.580601851851852,8.415973806694943,43200
2008-10-01,1.1367683924927685,1.0595616742482286,44597,0.10567755678633092,0.10080903016584594,44597,240.32936924008342,2.6760418437868374,44597,4.797699396820414,4.488963064808292,44597,0.9886987913985246,5.897558643985965,44597,1.4177635266946207,6.0600702713534975,44597,6.186223288562011,8.353079386166563,44597
2008-11-01,1.3870658238984974,1.207130311168689,43191,0.10135569910398001,0.09698289263152667,43191,240.58688777754622,2.9659437699128834,43191,5.864897779630016,5.089091092549639,43191,1.344423606769929,6.616261013880123,43191,1.293950128498993,6.110520287886145,43191,6.497071149081985,8.462035916509006,43191
2008-12-01,1.2751893019811975,1.0556791379001125,44569,0.09134057304404407,0.09182223244534851,44569,243.08394130449415,2.8409993723721643,44569,5.304889048441742,4.409184497293029,44569,1.0120711705445489,5.855924992227073,44569,0.8853463169467567,5.3685021956591745,44569,6.895959074693172,8.707605663338288,44569
2009-01-01,1.4102020206545847,1.2311258169433916,44639,0.09849069199578843,0.09957009835697007,44639,243.7932157978449,3.3889487254443864,44639,5.867071394968526,5.149044465329718,44639,1.6723268890432132,7.587708876002194,44639,1.6342660005824503,7.379959231588079,44639,7.383812361388024,8.835348306360522,44639
2009-02-01,1.2475678159777424,1.0971802113456506,40256,0.09584394872813991,0.09863619208947612,40256,242.39900859499207,3.333505928375304,40256,5.200322933227345,4.60400746684183,40256,1.1699622416534181,6.355140100520599,40256,1.2590421303656598,6.42480116581317,40256,7.357064785373609,8.765272245349214,40256
2009-03-01,1.2267347551413592,1.0212737116558162,44638,0.10433697746314799,0.10221378938367681,44638,242.30363793180695,2.6988156068834313,44638,5.148976208611497,4.272426359321708,44638,1.4482055647654464,7.1805979158961515,44638,1.0848828352524755,5.3249481381257135,44638,7.363613961198978,8.761059894886754,44638
2009-04-01,1.140689939349044,0.9734918815928939,43198,0.12302856613732116,0.11407325546675312,43198,241.63326334552528,2.227810872693643,43198,4.8165378026760495,4.074474260039384,43198,1.2617713783045512,6.680710528810515,43198,1.217672114449743,5.713758918397207,43198,7.126255845178018,8.680298365113776,43198
2009-05-01,1.0128557666457567,0.8725302541283868,44636,0.11958365444932341,0.1059410818241157,44636,240.118792454521,3.582259080077664,44636,4.300210592346985,3.669189237256328,44636,0.9761179317143113,5.704159703540493,44636,1.1223899991038624,5.043426033031924,44636,6.968545568599337,8.568108038906788,44636
2009-06-01,0.8407564857751598,0.7790547116714518,39895,0.13609474871537786,0.11511933664537452,39895,241.04247274094496,2.083562207495812,39895,3.607775410452438,3.255117131328682,39895,0.7861135480636672,5.0564069147461455,39895,0.7469858378242887,3.7451195662720846,39895,6.5163303672139365,8.453603124969773,39895
2009-07-01,0.6181208889685456,0.6286421858416116,44636,0.16775629536696837,0.11899165094182602,44636,242.01785935119634,1.688893515742347,44636,2.7102876601846044,2.6108518649393844,44636,0.4083251187382382,3.671933173609288,44636,0.9527735460166682,3.622479529220491,44636,4.210413119455148,7.059004626698491,44636
2009-08-01,0.6646187112848293,0.7422188722154138,43749,0.18842560972822237,0.12944554424332505,43749,241.2697618231274,1.8553231177404583,43749,2.9347367939838627,3.1061565296256766,43749,0.7776863471165055,5.152377251926126,43749,0.8735513954604677,3.466431738398366,43749,4.390134631648723,7.130888754475561,43749
2009-09-01,0.9868408454290807,0.9365021361998421,43197,0.15390101164432715,0.11985545519483792,43197,241.14645739287448,2.160935819168852,43197,4.212727735722388,3.906008873779135,43197,1.194573697247494,6.389431572515618,43197,1.0682223302544158,4.5098742095002935,43197,6.864990624348913,8.605100253793742,43197
2009-10-01,1.144486211608683,1.0412623148712203,44639,0.1314186697730684,0.11780671279614566,44639,240.89413382916285,2.5002294221738914,44639,4.818723537713659,4.394268959436933,44639,1.226013127534219,6.423860102627955,44639,1.2036335939425167,5.373239300753243,44639,7.336745894845315,8.696829368832205,44639
2009-11-01,1.2747434431352578,1.1064195024757075,43199,0.12671446098289313,0.117922088225777,43199,241.9465966804787,3.046663406270182,43199,5.333942915345262,4.670985540475404,43199,1.3992222042176903,6.89583227403747,43199,1.2378295793884118,5.667991657104378,43199,7.7670547929350215,8.865523197184974,43199
2009-12-01,1.3644205833594696,1.1131722959725603,44638,0.1297524082620189,0.12344754642491047,44638,244.08241946323758,3.4338496808353787,44638,5.661768000358439,4.6426742032617225,44638,1.2948832833012232,6.838055227238653,44638,1.1983063757336798,5.62402815387939,44638,8.600497334109951,9.101837223556794,44638
2010-01-01,1.430524898214845,1.148287579955133,41509,0.12517940687561735,0.11802376237044526,41509,243.45551013033318,3.250572927918133,41509,5.945679250283072,4.819070074975952,41509,1.2982003902768073,6.517725654007272,41509,1.3627887927919247,6.3710206939466305,41509,9.538003806403431,9.085262742953288,41509
2010-02-01,1.3758546058832284,1.066218150112458,40318,0.10244104370256461,0.09761659953624524,40318,242.34811101741158,3.144173197281413,40318,5.715739868049011,4.4957991528275345,40318,1.2219852175207104,6.361260928918005,40318,1.3291829951882534,6.3101599419617385,40318,10.211667245399077,9.02830667929174,40318
2010-03-01,1.1300752821908808,0.9225835849360371,42613,0.1250547954849459,0.11036436299066901,42613,241.9932109919508,2.6703866073970577,42613,4.730129303264262,3.8667656550020526,42613,0.823434163283505,5.164921865685723,42613,1.4284842653650294,6.421213599021998,42613,7.6115739328373975,8.813898214740107,42613
2010-04-01,1.0272951688696499,0.8365524104584317,43199,0.1248508530290053,0.11306778353473965,43199,241.7827982129216,2.19938124351948,43199,4.305192249820598,3.516744471103892,43199,0.8841871339614343,5.386143937190585,43199,0.8443713974860529,3.808803529428336,43199,7.780064353341513,8.849432415793514,43199
2010-05-01,1.095284392571518,0.904557449135049,44639,0.1221849503797128,0.10994553729649972,44639,240.36917135240483,2.9279363515061907,44639,4.630869867156522,3.8258979323933,44639,1.077689912408432,5.821944261052491,44639,1.173323775174175,5.5962669776483605,44639,8.168305741616075,8.936233971185926,44639
2010-06-01,0.9696148895782212,0.8335137140976367,43198,0.15011616278531414,0.12416537659819958,43198,240.84186027130886,1.987339126141232,43198,4.169225427103107,3.511346017552967,43198,1.5219917588777259,6.965148272364978,43198,1.1036390573637669,4.793934133441756,43198,7.105282651974629,8.691582514398526,43198
2010-07-01,0.7210679450704541,0.6412913154021641,44639,0.16548063352673673,0.12296022077265924,44639,240.54802997378974,1.7594394485655016,44639,3.130813862317704,2.6770403844629023,44639,0.39577499495956453,3.46196956662758,44639,0.7697081027800802,2.61474260237316,44639,4.321602186428907,7.0613682283034445,44639
2010-08-01,0.5907781579088042,0.6381375664831206,37414,0.12781514940931202,0.11224890837656287,37414,241.25038140802906,1.6378593802783077,37414,2.564136419522104,2.6709255455100216,37414,0.33407280697065267,3.2260393122826208,37414,0.7212006200887369,3.583174938804993,37414,4.28152563211632,7.075125788743792,37414
2010-09-01,0.9564424307878724,0.8150486650846438,37963,0.1257451202486632,0.10962186321426177,37963,241.20523351684534,2.081749210313228,37963,4.067023154123752,3.405947911070695,37963,0.9710771013881938,5.423263463392252,37963,0.8563074572610173,3.528844903979138,37963,6.792429470800516,8.621131707494579,37963
2010-10-01,1.163398687246578,0.9917825999031997,44639,0.1375572033423688,0.12353291868656635,44639,242.15931046842448,2.8840984682487276,44639,4.889011850623894,4.173705237666153,44639,1.0797508904769373,5.856323130295256,44639,1.3490445574497636,5.452187070288301,44639,7.071596585945025,8.753683852373563,44639
2010-11-01,1.1968544668974586,0.9898628978497358,37263,0.11079913050479026,0.1031905385659263,37263,240.72188766336578,4.257483050378337,37263,5.057708719104742,4.215567731984341,37263,1.2388159836835466,6.3525960678342095,37263,1.1346912486917318,5.632147257336625,37263,6.631591659286692,8.464591386785836,37263
