component,explained_variance_ratio,cumulative_variance
1,0.38955745,0.38955745
2,0.09994205,0.4894995
3,0.06607778,0.5555773
4,0.0540069,0.60958415
5,0.047678005,0.65726215
6,0.03913022,0.69639236
7,0.034345698,0.73073804
8,0.031964984,0.762703
9,0.030001208,0.7927042
10,0.028917639,0.82162184
11,0.028524788,0.85014665
12,0.02485876,0.8750054
13,0.023324395,0.8983298
14,0.016082713,0.9144125
15,0.014775814,0.9291883
16,0.012003328,0.9411916
17,0.010478257,0.9516699
18,0.008547244,0.9602171
19,0.008029684,0.9682468
20,0.007517156,0.975764
21,0.005762831,0.9815268
22,0.005217789,0.9867446
23,0.0028333457,0.98957795
24,0.002644803,0.9922227
25,0.002614701,0.9948374
26,0.001361299,0.9961987
27,0.00090660417,0.9971053
28,0.00067955523,0.99778485
29,0.00064974464,0.9984346
30,0.0006283827,0.999063
31,0.0005276315,0.99959064
32,0.00037904602,0.99996966
33,3.0226758e-05,0.9999999
34,3.0285746e-15,0.9999999
