,PC1,PC2,PC3,PC4,PC5,PC6,PC7,PC8,PC9,PC10,PC11,PC12,PC13,PC14,PC15,PC16,PC17,PC18,PC19,PC20,PC21,PC22,PC23,PC24,PC25,PC26,PC27,PC28,PC29,PC30,PC31,PC32,PC33,PC34
Global_active_power,0.24743173,-0.13609487,-0.010692641,0.0004719841,-0.05182663,-0.027134521,0.11497767,-0.21210177,0.011608205,0.035739645,0.10410603,0.029424857,-0.1261725,0.028778743,-0.0046726004,-0.17868286,-0.11373648,-0.109775186,-0.022632685,-0.008608478,-0.014892665,-0.21698286,0.01138302,0.022685708,0.036846295,-0.0033079383,0.0043015373,-0.120752946,0.034341075,-0.007743207,-0.09173077,0.015865352,-0.3615458,0.7527211
Global_reactive_power,0.06321945,-0.10056307,0.022993175,0.16726218,-0.21889505,0.042437233,-0.1872923,-0.15462932,-0.081537955,0.23763761,0.5924828,-0.26296747,0.49093336,-0.30421966,-0.019939078,0.061031204,0.12028827,0.09676111,0.020078106,-0.0013975387,-0.006160341,0.04798636,-0.011761595,-0.007112826,-0.01966274,-0.01083098,0.0039340346,0.008101806,-0.0028433334,-0.00034443047,-0.00077861384,-0.0020767075,-0.017894678,1.4901161e-08
Voltage,-0.114191025,0.072459444,-0.015228873,-0.08253192,0.317566,0.34632674,0.35046282,0.13267837,0.023856847,-0.040848494,0.1557593,-0.32057485,0.13714004,-0.051653113,0.3543881,0.041097984,-0.5663851,-0.015939366,-0.10994575,-0.018797476,-0.0017637176,-0.037872586,-0.01800294,0.0035819805,0.005294081,0.00073110336,0.0021810327,-0.0036709877,-0.0028538096,0.00055862253,-0.0014151224,0.00061241613,0.010339217,1.9185245e-07
Global_intensity,0.2465441,-0.14002484,-0.009744136,0.010046239,-0.068548284,-0.02661264,0.10980416,-0.2152761,0.010845303,0.039808787,0.11099987,0.026108604,-0.11710921,0.022856781,-0.016529368,-0.17283505,-0.108022295,-0.10259628,-0.020491883,-0.0080485735,-0.015682574,-0.21689469,0.010988069,0.02140569,0.034687173,-0.004402651,0.014491926,-0.12793674,0.035929684,-0.009455498,-0.09425721,0.015503644,0.8352632,-4.0233135e-07
Sub_metering_1,0.09798258,-0.1496246,-0.0059873112,0.1290687,-0.21746232,0.036929935,0.32550046,-0.39219162,0.0021895962,-0.027743518,-0.4054026,-0.40028188,-0.11532729,-0.31037277,-0.22631241,-0.0074975453,-0.07716059,0.17458808,0.012227583,0.003181886,-0.018109212,-0.069594115,-0.02085411,-0.017094478,-0.01847258,-0.007016113,0.009322766,-0.04619151,0.0116898045,-0.0049631745,-0.046968434,0.013125159,-0.18070686,-0.27630368
Sub_metering_2,0.08310816,-0.14790432,0.009905786,0.08053805,-0.20345369,0.051537436,0.24736041,0.36326116,0.17387562,-0.20982814,0.47088122,0.28623247,-0.39325893,-0.25748217,-0.17323536,0.039256394,-0.07000983,0.010382242,-0.032737695,-0.008503177,-0.04335068,-0.07302352,-0.014056247,-0.0032270472,0.0027836356,-0.000988021,0.0047286944,-0.05061413,0.012498975,-0.002527468,-0.036606953,0.008493745,-0.15228756,-0.23682418
Sub_metering_3,0.1786423,-0.06806304,0.0038203902,-0.15187925,0.22118278,-0.40333855,0.024713384,-0.102338314,-0.057872556,0.10503175,0.085216664,0.015917389,0.0016043272,-0.08486546,0.46558627,-0.34171522,0.14933783,-0.214602,-0.043718617,-0.01074144,0.01249981,-0.19349371,0.014480601,0.040186986,0.04866452,0.010943172,0.015134656,-0.1002951,0.027256195,-0.007471525,-0.06375319,0.011729588,-0.24732709,-0.40779042
power_mean_5m,0.2532114,-0.1373327,-0.011505249,-0.011484784,-0.022317642,-0.024433844,0.101044714,-0.15094285,0.010827911,0.020077119,0.071007736,0.044425,-0.0998747,0.05441752,0.07785672,-0.0935703,-0.080315724,0.001055086,0.010340325,-0.0038002038,0.022576198,0.18985286,0.01785271,0.025530335,0.02176266,-8.3446335e-05,-0.06521422,0.50595254,-0.12453902,0.038251944,0.70364577,-0.1744355,0.0071586184,3.7252903e-08
power_mean_15m,0.25795674,-0.12812626,-0.014492773,-0.033460826,0.042031195,-0.010624953,0.033793725,-0.023315215,0.005094214,-0.0031059464,0.011017815,0.054645874,-0.02684619,0.07768319,0.13924116,0.08320312,-0.014044489,0.21950758,0.07378254,0.018777816,0.027208878,0.20517126,0.007320606,0.016503463,0.009662502,0.008689607,-0.08419361,0.42726186,-0.14444299,0.034695085,-0.38922217,0.6443693,0.003942022,-1.1175871e-07
power_mean_30m,0.2569618,-0.107717514,-0.015806993,-0.053593308,0.10825032,0.0039760564,-0.052864425,0.07226521,-0.00075582176,-0.010255493,-0.037379794,0.030588433,0.03046814,0.01033094,0.04638868,0.09946401,-0.014780964,0.274457,0.07485258,0.024922848,-0.0043463507,-0.036926232,-0.005366003,-0.011100541,-0.01773353,0.51198995,0.0017538996,0.18359044,-0.067878105,0.018406726,-0.36145306,-0.60738826,0.000838764,1.8626451e-07
power_mean_60m,0.24837203,-0.077953994,-0.017642288,-0.06780798,0.1710235,0.032847002,-0.1425827,0.14362483,-0.0062268144,-0.01290292,-0.08494516,-0.0402428,0.0731622,-0.11349961,-0.13953958,0.064908154,-0.031771217,-0.011348853,-0.04279485,-0.008702048,-0.02015903,-0.0012932146,-0.028108252,-0.028717665,-0.050681133,0.62970734,-0.021116361,-0.32306063,0.12867361,-0.02470102,0.3586111,0.38772252,-0.00013251603,3.7252903e-09
power_mean_120m,0.22648683,-0.050546676,-0.018476186,-0.07306861,0.2121211,0.07135984,-0.17576198,0.14098103,0.0005965952,-0.019267244,-0.09499352,-0.12875673,0.01790389,-0.22589514,-0.23912057,0.1277725,0.009104506,-0.2724987,-0.12765017,-0.023921179,-0.008653336,0.06444218,0.19792815,0.472918,0.5245013,-0.17411694,0.08307103,0.08436779,-0.043642104,0.0065134033,-0.074659444,-0.059693564,0.0020266026,-1.8626451e-08
power_std_15m,0.1517076,-0.17287311,0.00069628726,0.13839695,-0.30782333,0.08653758,0.25685394,0.07225697,0.0020712132,-0.08021304,-0.11359239,-0.04546406,0.13273355,0.21592262,0.3274709,0.5293235,0.2818131,-0.41265792,-0.13301758,-0.024441868,-0.005855666,-0.06631954,0.0019010523,-0.005529942,-0.01626782,0.06270715,-0.052926913,-0.03251253,0.013167558,-0.004196875,0.006607617,-0.02610945,-0.0014350871,-5.9604645e-08
power_std_60m,0.18033148,-0.13425659,0.005927634,0.11116292,-0.16847856,0.12647858,0.022048052,0.40151677,-0.010180317,-0.1060942,-0.21151413,-0.01601043,0.32643613,0.023589492,-0.02444535,-0.47125193,-0.008057857,0.0014402927,0.048519377,0.0018808213,0.011869109,0.037002828,-0.00043883227,-0.01048106,-0.008698724,-0.14058362,-0.55990714,-0.049454834,0.029302878,-0.0019512674,-0.033159647,-0.05510173,0.0029172385,-5.5879354e-08
power_min_60m,0.20911682,-0.023195138,-0.021721737,-0.15968724,0.32773843,-0.07440526,-0.17515917,-0.08069542,0.009282682,0.050926533,0.026735004,-0.054044623,-0.12983502,-0.18676476,-0.18246168,0.297974,-0.05077644,-0.22185741,-0.1565444,-0.027405031,-0.024574019,0.05100628,-0.15587631,-0.33144388,-0.36669225,-0.27323535,-0.40112656,0.013475411,0.001998748,0.0008813071,-0.072085276,-0.098174386,0.0051802117,-7.450581e-09
power_max_60m,0.237551,-0.11219328,-0.005238819,0.020912826,-0.017124992,0.055822626,-0.06532566,0.2678161,-0.011816318,-0.052872464,-0.15297683,-0.033421952,0.19516876,-0.035822514,-0.10507885,-0.19411136,-0.047516473,-0.18081221,-0.06430377,-0.023601316,-0.016584883,-0.011632464,-0.10441959,-0.26110962,-0.29491132,-0.15446821,0.69072753,0.14942916,-0.06808874,0.008139276,-0.037584506,0.0044170185,-0.005497968,-1.4901161e-08
power_lag_5m,0.24551658,-0.12835355,-0.014228519,-0.027365593,0.018635646,-0.013358268,0.06764006,-0.06258323,0.0056881243,-0.0030807457,0.020581048,0.060491104,-0.053056058,0.0964343,0.1589333,0.03714085,-0.04216228,0.18191217,0.061586406,0.00977502,0.070393026,0.7062826,0.015071434,0.02412334,0.016990233,-0.1963753,0.14602916,-0.4791045,0.13666296,-0.03737697,-0.019115662,-0.12991405,-0.0028434955,-2.9802322e-08
power_lag_15m,0.23206998,-0.09637142,-0.013274861,-0.058660466,0.123959325,0.009286725,-0.078523986,0.13884152,4.555817e-05,-0.022404632,-0.06565717,0.043242414,0.07279963,0.053426135,0.12836348,0.27902433,0.06400975,0.530548,0.16946644,0.06049114,-0.041760124,-0.48726237,0.017074205,0.018918006,0.05231053,-0.38585782,0.056417797,-0.13345453,0.044196617,-0.015255845,0.22419363,0.018143753,-0.0026392918,-7.4505806e-08
power_lag_1440m,0.14010175,0.30261445,-0.32039517,0.06948101,-0.059702314,-0.017397434,0.009993628,-0.0020882722,0.006167534,-0.023681588,-0.014961531,0.03310046,0.013465004,-0.13107212,0.04547008,0.053004812,-0.09470576,-0.20338131,0.4464711,0.574813,0.013244812,0.0033645374,-0.26622117,0.26556563,-0.15535696,-0.0030169766,0.003049663,0.011465145,0.05551802,0.064400636,-0.0013431401,-0.0022574342,0.00029391423,-5.5879354e-09
power_lag_10080m,0.14648445,0.2606608,0.3632048,-0.02083306,-0.058483798,0.018166134,0.0076913782,-0.0007294641,0.0066652996,0.0027122798,-0.031350665,0.029628765,0.002894312,-0.10828182,0.043293077,0.06743008,-0.07556818,-0.14219432,0.5381071,-0.51548696,0.045201544,-0.0006484491,-0.30978486,-0.12976259,0.22585103,0.0036290064,0.0012374261,0.024312014,0.06295028,-0.052072514,-0.0033735547,-0.0021241407,0.0005105622,-3.7252903e-09
seasonal_day_15min,0.14812337,0.32871762,-0.3441636,0.07821628,-0.06897989,-0.027130404,0.021123009,-0.0055768723,0.0011770491,-0.022144018,-0.008247963,0.03988571,0.023220338,-0.093224995,0.039562628,0.020314569,-0.03839699,-0.024890177,0.048460547,0.04108383,0.0022692804,0.008271769,0.39810407,-0.45657694,0.24786486,0.01809552,-0.016852466,-0.07588357,-0.34558713,-0.4068193,0.01376765,0.005050127,-0.00021987315,1.09896064e-07
seasonal_day_30min,0.15124556,0.33225247,-0.33870494,0.07755944,-0.06933191,-0.031686645,0.028325109,-0.0039768866,-0.00096938014,-0.01878134,-0.0035785546,0.036882605,0.023238733,-0.04391181,0.029783517,-0.0012837666,0.0038945524,0.07565214,-0.16047466,-0.21750553,-0.0018825335,-0.0004824492,0.17375268,-0.16219361,0.0895816,-0.009741197,0.01302582,0.10520753,0.48801455,0.5840139,-0.01985704,-0.0007392257,0.00072020944,-1.0430813e-07
seasonal_day_1h,0.15096903,0.32008943,-0.30645454,0.07026613,-0.063174196,-0.035945896,0.040678855,-0.0007266857,-0.003741463,-0.01048518,0.011138811,0.023904156,0.016960198,0.041113894,0.0020472826,-0.033422627,0.053288214,0.16374789,-0.3349395,-0.4167415,-0.0031619498,-0.01593791,-0.345948,0.41244867,-0.22170016,-0.010636793,-0.008025485,-0.042740796,-0.20487542,-0.25743338,0.007762912,-0.0034434288,-0.00035085343,6.7055225e-08
seasonal_week_15min,0.15517022,0.28522024,0.38955557,-0.019144468,-0.071176186,0.0114560295,0.022620484,-0.00839836,0.0031599572,0.0037981293,-0.021127032,0.03751383,0.0058746226,-0.0773172,0.031886764,0.023786506,-0.043014236,-0.011430662,0.055797018,-0.038744193,-0.016342664,-0.012091816,0.4783626,0.22173727,-0.38919982,0.0011209429,-0.018210217,-0.15283568,-0.38775632,0.3411532,0.016549012,0.0030928352,0.00011204928,-9.313226e-09
seasonal_week_30min,0.1582811,0.2901382,0.38307688,-0.01532378,-0.07442768,0.006665598,0.030479433,-0.007876203,-1.0613425e-05,0.0052098865,-0.011508218,0.033782527,0.010218494,-0.03465557,0.019565862,-0.004056118,-0.010091679,0.053759858,-0.19573152,0.19109489,-0.031883083,0.0034480405,0.19717161,0.08033077,-0.13534047,-0.008433565,0.011395787,0.20649727,0.5470952,-0.49880168,-0.027268326,-0.002517612,-0.00042733457,6.891787e-08
seasonal_week_1h,0.15737692,0.28396782,0.34503096,-0.007204089,-0.07250336,-0.003099211,0.04305059,-0.0049699694,-0.005541746,0.0067469305,0.002213185,0.01499337,0.017736306,0.03529274,-0.0065071317,-0.032953996,0.045253016,0.11288342,-0.4071894,0.36564213,-0.02573496,0.01620221,-0.41904852,-0.20344432,0.35033417,0.0057586133,-0.0017233756,-0.08338077,-0.23188144,0.22244126,0.013301462,0.0022101093,0.00023010653,5.5879354e-09
hour_sin,-0.090941004,-0.07630871,0.009243375,-0.037613537,0.14550473,-0.2101793,0.39517897,-0.15516788,-0.03565567,0.04108301,-0.10074222,0.5842406,0.5168128,-0.16635258,-0.20615491,0.12968525,-0.15769555,-0.008780165,-0.04433475,-0.010419701,-0.024374072,0.0093618175,-0.006702698,0.035041396,0.03415065,-0.009793324,0.0022697183,0.004060959,-0.0048619965,5.652038e-05,-0.0013400252,-0.00027538036,-0.0010096049,-3.7252903e-08
hour_cos,-0.04760355,-0.06760519,-0.015861815,0.03363589,0.012447592,0.5792504,-0.27835536,-0.28337553,0.12283105,-0.13888478,-0.14767294,0.37943804,-0.030300245,-0.3865531,0.33255035,-0.09352088,0.12911351,-0.009633445,-0.093187734,-0.010376196,-0.009493566,-0.015064371,-0.044751134,-0.010021175,-0.017878441,-0.0021753788,0.009598063,-0.004534927,-0.007630534,-0.0015180117,-0.0014966789,-0.0006030008,0.0014170418,9.313226e-09
weekday_sin,-0.012307012,0.005283362,-0.078427605,-0.61479104,-0.2898802,0.07183381,0.035081852,0.045653388,0.1471719,0.15686534,-0.018095095,-0.0053487313,0.045241144,-0.0625332,-0.039010353,0.017358925,0.004317525,0.013771517,-0.045607023,0.020329518,0.68011165,-0.058078505,0.006990062,-0.0017624323,-0.010126947,0.0013445333,0.0014073193,-0.0006809427,0.0016562929,-0.0013736574,0.0018598024,0.00027097887,9.556225e-05,1.792796e-08
weekday_cos,0.0036065804,0.0074265134,-0.011562204,0.14599958,0.058316913,0.056204982,0.081696354,0.1296172,0.64098954,0.7013313,-0.11677091,0.024754496,-0.044973716,0.0045215245,0.01767084,-0.0161731,0.052845415,-0.0026833147,0.013422027,0.00037906284,-0.15964891,0.018669438,0.00036508372,-0.0016566534,0.003435659,0.0020638392,0.003049618,-0.0010164502,-0.00017872141,0.0006548915,-0.001349317,0.00040365866,-0.00065659924,2.8405339e-08
year_sin,0.018460182,0.04529368,0.023187188,-0.052494887,0.108920865,-0.13762069,-0.03495855,-0.20229182,0.6993357,-0.5528476,0.111537084,-0.1558345,0.23400196,0.13409743,-0.068403676,-0.038731616,0.09609358,-0.0058484203,0.03841974,0.0027176265,0.005304559,0.0022484106,0.01170896,-0.001600455,-0.0023219162,0.0036838935,0.007879306,0.001553233,0.0020179742,-0.00019989036,0.00041196824,0.00030141842,0.00056369405,-8.8475645e-09
year_cos,0.07716893,0.12674214,-0.026421024,-0.115391485,0.36191458,0.38407096,0.4285224,-0.041658074,-0.13961959,0.0328603,0.1552408,-0.056351826,-0.0011375746,0.10188327,-0.22383903,-0.14777376,0.5869677,1.529845e-05,0.14277612,0.02166614,0.019140193,0.009185805,0.022012135,-0.038856275,-0.040538244,-0.00045983237,0.019790275,0.00407109,0.006888732,0.00013817211,-0.00088224973,-0.000716131,0.0024954532,-3.3527613e-08
weekend,0.021710759,-0.009893501,0.09421152,0.6339475,0.28319302,-0.05121576,-0.01578706,0.0047154827,0.0119184265,-0.0008486568,-0.002862105,0.03281348,-0.052845042,0.009474652,-0.010662013,0.016855618,-0.010880426,-0.0020733713,-0.03983369,0.019367937,0.7030752,-0.06469935,0.010237719,-0.004753763,-0.017046627,0.002767651,0.005327365,-0.0017228053,0.003119322,-0.0018019516,0.0030755745,0.00011051023,-0.00035265659,2.4912879e-08
unmetered_power_kw,0.18158977,0.0045862636,-0.028060311,0.0205849,-0.057054006,0.33145505,-0.19632101,-0.26045245,-0.025736628,0.112886,0.12019211,0.15932,0.08003219,0.55314773,-0.2447455,-0.006472389,-0.29594257,-0.12483813,0.014077633,-0.0026291455,-0.0028260977,-0.13051738,0.0320276,0.016827466,0.03361009,-0.01302395,-0.018064637,-0.068785585,0.023281714,-0.0022122678,-0.058318287,0.0041435957,-0.23239976,-0.36699927
