model,reference,horizonte,MAE_reduction_pct,RMSE_reduction_pct
ensemble,previous_lstm_original_saved,15min,23.65304741613754,17.196534275024632
ensemble,previous_lstm_original_saved,30min,23.783323418529513,16.313516782713865
ensemble,previous_lstm_original_saved,1h,23.85964784035991,17.70242173981449
ensemble,previous_hgb_full,15min,4.276420713503226,4.8514551151431
ensemble,previous_hgb_full,30min,8.017503729432352,5.3704442072623255
ensemble,previous_hgb_full,1h,9.751754305553284,5.75630377056906
ensemble,previous_lstm_features,15min,16.302190875627453,12.94970288305345
ensemble,previous_lstm_features,30min,14.55575999055505,9.50713376760749
ensemble,previous_lstm_features,1h,12.385180321686452,7.940613656547734
lstm_full_huber,previous_lstm_original_saved,15min,17.033238559499996,11.88717745774962
lstm_full_huber,previous_lstm_original_saved,30min,20.81093472685489,13.104630042425125
lstm_full_huber,previous_lstm_original_saved,1h,24.25775026535295,15.814059382139867
lstm_full_huber,previous_hgb_full,15min,-4.023475700223944,-1.2494679683920262
lstm_full_huber,previous_hgb_full,30min,4.430260831818156,1.7419546931993657
lstm_full_huber,previous_hgb_full,1h,10.223620332479433,3.5938312875375966
lstm_full_huber,previous_lstm_features,15min,9.045011913388256,7.368039308985541
lstm_full_huber,previous_lstm_features,30min,11.223503794611823,6.037262082476547
lstm_full_huber,previous_lstm_features,1h,12.843277390979402,5.828261342947483
